series,days,rs_from,rs_to,n,hit,mean,median,n_2021,hit_2021,mean_2021,n_2022,hit_2022,mean_2022,n_2023,hit_2023,mean_2023,n_2024,hit_2024,mean_2024,n_2025,hit_2025,mean_2025,n_2026,hit_2026,mean_2026
roc_63_126_252_w111,10,20,85,139,0.5035971223021583,0.1335776892167952,0.007086992813544635,21,0.14285714285714285,-0.21293298338319688,22,0.45454545454545453,-0.004610748232118231,43,0.6046511627906976,0.18589356581019886,32,0.625,0.4287160291758708,20,0.5,0.04067259072800524,1,1.0,0.6145398352617415
roc_63_126_252_w111,10,20,90,80,0.575,0.16153699334377686,0.05571818571616438,10,0.0,-0.30531164247135495,12,0.5833333333333334,0.06777018347888328,28,0.6785714285714286,0.1675169122973153,23,0.6956521739130435,0.4244233954370671,6,0.5,0.08279266448043744,1,1.0,0.21386606420909948
roc_63_126_252_w111,10,20,95,39,0.5641025641025641,0.2147279471505323,0.06913603808703583,4,0.0,-0.20571038974505262,5,0.4,-0.09899910944140759,14,0.5714285714285714,-0.06784751448814653,12,0.75,0.7136465801751788,3,0.6666666666666666,0.6214890738602715,1,1.0,0.21386606420909948
roc_63_126_252_w111,10,30,85,220,0.45454545454545453,0.091249688091966,-0.029713951376677594,28,0.14285714285714285,-0.18019310729629998,44,0.3409090909090909,-0.02047189219581985,70,0.5142857142857142,0.11354738909973994,43,0.5581395348837209,0.29829112611806213,28,0.6071428571428571,0.16640476817540575,7,0.5714285714285714,0.08384749602502319
roc_63_126_252_w111,10,30,90,123,0.4634146341463415,0.10094424765654525,-0.043022250723513955,18,0.05555555555555555,-0.21575781851343553,24,0.3333333333333333,-0.016561310848385375,45,0.5111111111111111,0.07937939031803148,26,0.6923076923076923,0.36550353489440374,9,0.6666666666666666,0.378691568842571,1,1.0,0.21386606420909948
roc_63_126_252_w111,10,30,95,43,0.5348837209302325,0.22148578666872798,0.043442604851805955,5,0.0,-0.19212085733032044,6,0.3333333333333333,-0.13323449243594174,14,0.5714285714285714,-0.06784751448814653,13,0.6923076923076923,0.6282615514589304,4,0.75,0.9631247594203538,1,1.0,0.21386606420909948
roc_63_126_252_w111,10,40,85,355,0.4619718309859155,0.07576255281724793,-0.01509912102540456,41,0.21951219512195122,-0.13968995048131305,77,0.35064935064935066,-0.02725649926181552,111,0.4954954954954955,0.06634092683977105,69,0.5652173913043478,0.24183860415499453,43,0.627906976744186,0.23106105146007952,14,0.5,0.06362224164048892
roc_63_126_252_w111,10,40,90,171,0.4853801169590643,0.1317476187693024,-0.0076140421845325434,22,0.09090909090909091,-0.18712665680045862,35,0.34285714285714286,0.02605170740769569,60,0.5333333333333333,0.1101381352374955,37,0.6756756756756757,0.37934623222592995,16,0.6875,0.3047409205670759,1,1.0,0.21386606420909948
roc_63_126_252_w111,10,40,95,62,0.5161290322580645,0.22175105779757473,0.02653610102070636,5,0.0,-0.19212085733032044,11,0.45454545454545453,0.0854400373017934,21,0.5238095238095238,0.013460120927664914,19,0.631578947368421,0.4998022704267998,5,0.6,0.7553115435964497,1,1.0,0.21386606420909948
roc_63_126_252_w111,20,20,85,328,0.47865853658536583,0.12251707399824731,-0.015899565647158664,33,0.15151515151515152,-0.1767641488265773,66,0.3484848484848485,0.02399592756416837,112,0.48214285714285715,0.07222820300658557,66,0.6060606060606061,0.34425167178186966,43,0.6744186046511628,0.30033756484645857,8,0.75,0.0888002000910436
roc_63_126_252_w111,20,20,90,186,0.521505376344086,0.12035691163838914,0.012625769020947697,24,0.08333333333333333,-0.2222110570684709,35,0.5142857142857142,0.12524967209261328,70,0.5142857142857142,0.07857069441894088,43,0.7209302325581395,0.36691270199486264,12,0.75,0.18507206039965243,2,0.5,-0.0811735543792837
roc_63_126_252_w111,20,20,95,85,0.5647058823529412,0.28553300203661447,0.06913603808703583,7,0.0,-0.20968390569925402,14,0.5,0.09045619094053044,34,0.5588235294117647,0.053862849240365204,22,0.6818181818181818,0.5863380277621973,7,0.8571428571428571,1.3610094700985316,1,1.0,0.21386606420909948
roc_63_126_252_w111,20,30,85,575,0.4591304347826087,0.0722904659299817,-0.0309823556705342,62,0.22580645161290322,-0.14262022264816565,146,0.363013698630137,-0.007674043085126655,175,0.4514285714285714,0.025713819901532545,99,0.5656565656565656,0.24375887052724982,67,0.7014925373134329,0.31017260599822627,26,0.5769230769230769,0.08139502836565941
roc_63_126_252_w111,20,30,90,304,0.4769736842105263,0.09265929814986168,-0.023605796466810602,40,0.125,-0.19508469884759955,67,0.3582089552238806,0.042106243499018134,110,0.4727272727272727,0.04504538402617569,58,0.6896551724137931,0.3322730460085829,26,0.8461538461538461,0.32607386110086445,3,0.6666666666666666,0.14864899234270415
roc_63_126_252_w111,20,30,95,125,0.528,0.23116272985519606,0.02044370366339643,9,0.0,-0.19142775148385877,26,0.4230769230769231,0.09180059074491148,51,0.5686274509803921,0.06420270313378242,28,0.5714285714285714,0.4256991142677172,10,0.9,1.2823596512358457,1,1.0,0.21386606420909948
roc_63_126_252_w111,20,40,85,882,0.45918367346938777,0.06293327063937337,-0.02077056730246707,105,0.2857142857142857,-0.10795241657497323,210,0.3619047619047619,-0.014793502252682732,254,0.47244094488188976,0.025328781129026947,164,0.5304878048780488,0.20568060091148554,107,0.6542056074766355,0.27258567826303637,42,0.5238095238095238,0.021230008380124576
roc_63_126_252_w111,20,40,90,463,0.4708423326133909,0.08290556126992778,-0.016317000120090963,63,0.2222222222222222,-0.14401952385571096,101,0.36633663366336633,0.01584772558874303,151,0.44370860927152317,0.02363162446491277,83,0.6265060240963856,0.28870582663268984,56,0.7678571428571429,0.32328226083698447,9,0.5555555555555556,0.04765770446664999
roc_63_126_252_w111,20,40,95,159,0.5345911949685535,0.1895885455460701,0.02044370366339643,12,0.08333333333333333,-0.16188721592343877,31,0.41935483870967744,0.0791028956625966,63,0.5873015873015873,0.06504216517545346,37,0.5405405405405406,0.30569674470934494,15,0.8666666666666667,0.9341822361904993,1,1.0,0.21386606420909948
roc_63_126_252_w111,40,20,85,843,0.465005931198102,0.06961437352830535,-0.026312688586574928,84,0.27380952380952384,-0.13549269380448217,197,0.3604060913705584,-0.017634017689343622,235,0.451063829787234,0.03744533993942801,151,0.5298013245033113,0.16741023081272638,135,0.6518518518518519,0.2810448086142906,41,0.5853658536585366,0.039471990356256696
roc_63_126_252_w111,40,20,90,517,0.47195357833655704,0.07897222265406477,-0.025613378360260175,63,0.20634920634920634,-0.17742112594970594,100,0.4,0.034109666424460935,164,0.4878048780487805,0.05955634310162113,106,0.5471698113207547,0.20588371328352126,71,0.647887323943662,0.20971035505882538,13,0.5384615384615384,0.17244352379004574
roc_63_126_252_w111,40,20,95,216,0.5370370370370371,0.15720819586498028,0.016971209075536065,15,0.2,-0.17251791354743504,40,0.375,0.003184853799590054,86,0.5697674418604651,0.07689446182853761,52,0.5769230769230769,0.27512671408655404,22,0.8181818181818182,0.6947257247317967,1,1.0,0.21386606420909948
roc_63_126_252_w111,40,30,85,1344,0.4642857142857143,0.04726178372550123,-0.020137750176004277,159,0.31446540880503143,-0.10482911706021739,329,0.4072948328267477,-0.004565410039671239,348,0.4396551724137931,0.0073269715450693905,230,0.4956521739130435,0.12042287410985252,210,0.6523809523809524,0.237376402821734,68,0.5294117647058824,0.024824854326312044
roc_63_126_252_w111,40,30,90,782,0.4718670076726343,0.07193360103702638,-0.017290943768478284,109,0.25688073394495414,-0.12289196822442051,173,0.3930635838150289,0.0188777223847969,217,0.4792626728110599,0.04114860658971694,150,0.5066666666666667,0.15012807177815335,113,0.6991150442477876,0.2583419907058273,20,0.7,0.29092728495688364
roc_63_126_252_w111,40,30,95,320,0.509375,0.12812833124591388,0.010165820355045763,28,0.2857142857142857,-0.1198919071330493,69,0.36231884057971014,0.011140121628168952,112,0.5446428571428571,0.05249572511210411,71,0.5492957746478874,0.24746766521553568,35,0.7714285714285715,0.5702940398412973,5,0.6,0.0358708337540111
roc_63_126_252_w111,40,40,85,1975,0.479493670886076,0.04760699484433615,-0.009854808113235247,240,0.3125,-0.0822729881336902,472,0.4364406779661017,-0.0005228424152786891,521,0.4472168905950096,0.005116568351531426,344,0.5406976744186046,0.1068626663329476,305,0.639344262295082,0.20948939510818707,93,0.5591397849462365,0.11787133095429116
roc_63_126_252_w111,40,40,90,1090,0.48073394495412847,0.0681128605936257,-0.011230899938275307,156,0.2692307692307692,-0.11198500401601522,240,0.42083333333333334,0.01798572182317658,296,0.4594594594594595,0.030182004225201235,199,0.5376884422110553,0.14004259594110727,171,0.695906432748538,0.24137726159229364,28,0.6785714285714286,0.33265399583487526
roc_63_126_252_w111,40,40,95,427,0.5128805620608899,0.11015463520093197,0.011161266617551902,43,0.3023255813953488,-0.11568497669156787,97,0.3917525773195876,0.01324224065648423,130,0.5615384615384615,0.05196636117276445,92,0.532608695652174,0.19632156790640656,59,0.711864406779661,0.43118999316452356,6,0.6666666666666666,0.061942115626045825
roc_63_126_252_w112,10,20,85,87,0.5402298850574713,0.21066191282192273,0.012771067420686899,10,0.1,-0.18613681599567738,11,0.2727272727272727,-0.010905926206041321,27,0.7037037037037037,0.18353608386794265,25,0.68,0.5350826791906153,11,0.45454545454545453,0.1707140089813308,3,0.6666666666666666,0.03284147357867817
roc_63_126_252_w112,10,20,90,45,0.6222222222222222,0.30953277058413725,0.16414229757701015,6,0.0,-0.22696732524325902,8,0.25,-0.0116524600265525,12,0.8333333333333334,0.17384652812997137,15,0.8,0.6339173536164254,3,1.0,1.1917378673143377,1,1.0,0.21386606420909948
roc_63_126_252_w112,10,20,95,18,0.6111111111111112,0.48090484355369434,0.22187195662670445,1,0.0,-0.0665272162452486,3,0.3333333333333333,0.09254242810154382,5,0.6,0.09379631621261404,7,0.7142857142857143,1.0369700603030871,1,1.0,0.503549048513336,1,1.0,0.21386606420909948
roc_63_126_252_w112,10,30,85,147,0.4965986394557823,0.14925820705630796,-0.0008862391185466834,15,0.13333333333333333,-0.17621687290615584,33,0.2727272727272727,-0.059103078006337316,46,0.6304347826086957,0.16827090207363096,33,0.6666666666666666,0.47150339846945927,16,0.5625,0.22086367113694477,4,0.5,-0.07482031949789028
roc_63_126_252_w112,10,30,90,74,0.5540540540540541,0.21238596054345354,0.031245609920193762,7,0.0,-0.21051801760494535,18,0.2777777777777778,-0.040701310978112464,26,0.6538461538461539,0.1611294661635942,18,0.7777777777777778,0.5509693187479585,4,1.0,0.9005327197826016,1,1.0,0.21386606420909948
roc_63_126_252_w112,10,30,95,28,0.6785714285714286,0.44189590794045003,0.20549610895983927,1,0.0,-0.0665272162452486,5,0.6,0.3610798470254548,9,0.6666666666666666,0.20976126279907847,10,0.7,0.7836029677413447,1,1.0,0.503549048513336,2,1.0,0.20339165616604205
roc_63_126_252_w112,10,40,85,258,0.4728682170542636,0.09040631865628647,-0.026295091090109413,32,0.15625,-0.13259486462450742,56,0.30357142857142855,-0.045961187757307766,86,0.5348837209302325,0.06274633122849828,47,0.7446808510638298,0.39880754605174656,30,0.5333333333333333,0.2146887575595887,7,0.42857142857142855,-0.06272992587931818
roc_63_126_252_w112,10,40,90,112,0.48214285714285715,0.1630980871266721,-0.01681230398926492,13,0.0,-0.16595979697809768,26,0.34615384615384615,0.015520051256208256,40,0.5,0.11110855282486239,21,0.7619047619047619,0.4898573668002311,11,0.7272727272727273,0.46142990056660743,1,1.0,0.21386606420909948
roc_63_126_252_w112,10,40,95,42,0.6428571428571429,0.36889808264353413,0.18870816412364366,4,0.0,-0.13424219218124253,8,0.5,0.17291509924180204,10,0.7,0.3330977534377444,14,0.7142857142857143,0.66389480892263,4,1.0,0.40376981854816,2,1.0,0.20339165616604205
roc_63_126_252_w112,20,20,85,226,0.504424778761062,0.13971792040798053,0.0012623021205215856,22,0.13636363636363635,-0.1599958032071543,43,0.3953488372093023,0.020556858841735092,85,0.5529411764705883,0.09937230093660333,41,0.6097560975609756,0.47518286697841555,32,0.625,0.193267037690751,3,0.6666666666666666,0.03284147357867817
roc_63_126_252_w112,20,20,90,120,0.5166666666666667,0.2195719416618476,0.00941113095041829,20,0.05,-0.16396107624913023,23,0.43478260869565216,0.09776766826234953,44,0.5681818181818182,0.15912145685212684,25,0.72,0.5443027267903425,7,1.0,0.9366314027012905,1,1.0,0.21386606420909948
roc_63_126_252_w112,20,20,95,58,0.5689655172413793,0.34832892702863516,0.16299139069891888,8,0.0,-0.18050143833125093,5,0.6,0.5359284369752445,23,0.5652173913043478,0.15119159015519226,16,0.6875,0.7100956081188794,3,1.0,1.2121394083341468,3,1.0,0.16403085365356448
roc_63_126_252_w112,20,30,85,390,0.49743589743589745,0.09401923509268567,-0.0009898463122555157,42,0.19047619047619047,-0.14015591208225323,88,0.4090909090909091,-0.0012817170230475542,126,0.5476190476190477,0.07208894416608465,69,0.5942028985507246,0.2972453200759438,50,0.66,0.24989096251964,15,0.4666666666666667,0.03861059436542965
roc_63_126_252_w112,20,30,90,189,0.49206349206349204,0.13417224765631372,-0.015663046903422573,27,0.07407407407407407,-0.17055998349804116,45,0.37777777777777777,0.026596288380883154,67,0.5223880597014925,0.11456246408486857,37,0.7567567567567568,0.39817394394253025,10,1.0,0.6965545213586508,3,0.3333333333333333,-0.20227494959855194
roc_63_126_252_w112,20,30,95,84,0.5714285714285714,0.25360655764247136,0.07921744012885934,10,0.1,-0.14539535879763568,12,0.5,0.20081612053138073,29,0.5862068965517241,0.13995988623911268,24,0.625,0.4860475200263412,6,1.0,0.6885068735067051,3,1.0,0.16403085365356448
roc_63_126_252_w112,20,40,85,681,0.47577092511013214,0.06229474644815255,-0.017346671295751293,78,0.1794871794871795,-0.1424766437630475,145,0.43448275862068964,-0.003589180208631467,222,0.46396396396396394,0.004809037520313268,122,0.6311475409836066,0.22550382388644713,91,0.6043956043956044,0.2059569542233773,23,0.5217391304347826,0.29992978584417423
roc_63_126_252_w112,20,40,90,313,0.48242811501597443,0.09881340329139125,-0.013542695068665345,43,0.06976744186046512,-0.16422654299609626,72,0.3472222222222222,-0.0038008180235096284,103,0.4854368932038835,0.05687397569310289,64,0.78125,0.3507064546584116,27,0.7777777777777778,0.3929252271796766,4,0.5,-0.09908130007047267
roc_63_126_252_w112,20,40,95,132,0.5303030303030303,0.160099343629354,0.017014026217292755,16,0.125,-0.13128445132977895,24,0.4583333333333333,0.06009410848129194,43,0.5116279069767442,0.06741878406452002,35,0.6285714285714286,0.37809401188624975,11,0.9090909090909091,0.4697286622769444,3,1.0,0.16403085365356448
roc_63_126_252_w112,40,20,85,590,0.48983050847457626,0.0793672494173213,-0.009214162659380687,54,0.2777777777777778,-0.12927353695325874,113,0.37168141592920356,-0.02842354295281698,191,0.46596858638743455,0.03769101880424968,115,0.5652173913043478,0.21187116959194793,100,0.71,0.24643776318230975,17,0.4117647058823529,0.05552158897775328
roc_63_126_252_w112,40,20,90,298,0.4463087248322148,0.09002020430879387,-0.02889622916917589,42,0.14285714285714285,-0.16768294689693272,57,0.40350877192982454,0.03691555859574869,115,0.43478260869565216,0.047106325038588484,59,0.576271186440678,0.28391069620065545,22,0.8181818181818182,0.424939763167713,3,0.6666666666666666,0.14725835355329883
roc_63_126_252_w112,40,20,95,164,0.5,0.16943473527505004,0.0028241473017711627,19,0.3157894736842105,-0.07395124439387103,21,0.5238095238095238,0.10123218514567675,69,0.4492753623188406,0.024991432971480765,41,0.4878048780487805,0.32183833745054485,10,1.0,1.1414355141652983,4,1.0,0.18308962209376206
roc_63_126_252_w112,40,30,85,987,0.5035460992907801,0.06643555356956878,0.0009943793230125508,113,0.23893805309734514,-0.11272779439135859,217,0.4608294930875576,-0.010575398116293789,276,0.5036231884057971,0.02277055730847489,173,0.5491329479768786,0.13604015007756262,170,0.6882352941176471,0.24780858545807477,38,0.5,0.22967154786056643
roc_63_126_252_w112,40,30,90,495,0.4686868686868687,0.08672834512927939,-0.020380775296421405,63,0.1746031746031746,-0.15036676625552173,103,0.4077669902912621,0.011936895399541722,161,0.42857142857142855,0.021215383326241514,103,0.6116504854368932,0.20966745583016053,52,0.7884615384615384,0.3764657775019514,13,0.46153846153846156,0.5161100693466429
roc_63_126_252_w112,40,30,95,216,0.5092592592592593,0.16093288924610885,0.009434360860065882,23,0.2608695652173913,-0.07837282719000388,40,0.5,0.072003904366763,76,0.47368421052631576,0.03815572572899712,54,0.46296296296296297,0.24613307082955502,19,1.0,0.8821338662781205,4,1.0,0.18308962209376206
roc_63_126_252_w112,40,40,85,1541,0.4925373134328358,0.05187281167500941,-0.004084537453056758,184,0.2391304347826087,-0.10196406929441719,325,0.4707692307692308,-0.004925352766895711,452,0.4668141592920354,-0.0016465398619949193,261,0.5555555555555556,0.11482451873488929,252,0.6626984126984127,0.2222247130537572,67,0.582089552238806,0.225902863222866
roc_63_126_252_w112,40,40,90,750,0.4706666666666667,0.07475189025610558,-0.014795512895858565,106,0.18867924528301888,-0.13642539443963062,159,0.39622641509433965,0.008978345371488883,226,0.4557522123893805,0.015569857298427895,142,0.6126760563380281,0.18791334883280866,97,0.7216494845360825,0.3047084074361264,20,0.5,0.4725707621091103
roc_63_126_252_w112,40,40,95,315,0.473015873015873,0.10738128008304523,-0.01094484277359653,38,0.3684210526315789,-0.04992633932573957,72,0.4166666666666667,0.002743837371600886,100,0.47,0.02418883063069271,68,0.45588235294117646,0.20314901803129215,32,0.6875,0.5687836930187721,5,1.0,0.21813067279684845
roc_63_126_252_w211,10,20,85,202,0.4207920792079208,0.05601194801696056,-0.04913937375478178,26,0.19230769230769232,-0.24108478657056492,44,0.3181818181818182,-0.08848672963905853,69,0.4927536231884058,0.14565921100127277,44,0.45454545454545453,0.16955346036995442,17,0.5882352941176471,0.1953720304706895,2,1.0,0.32193586050588074
roc_63_126_252_w211,10,20,90,131,0.4198473282442748,0.0714355292391088,-0.05902942543986778,16,0.1875,-0.21257219726994916,29,0.2413793103448276,-0.12980260427443804,46,0.5652173913043478,0.14271409903514568,29,0.5172413793103449,0.28541327089233165,10,0.3,0.1467785534897728,1,1.0,0.21386606420909948
roc_63_126_252_w211,10,20,95,61,0.5081967213114754,0.1265674039790259,0.021004075098670416,10,0.4,-0.10661529669846459,14,0.2857142857142857,-0.013854547313266416,16,0.5625,0.1057087336218899,16,0.6875,0.3646682485128941,4,0.5,0.3102076234313282,1,1.0,0.21386606420909948
roc_63_126_252_w211,10,30,85,326,0.4233128834355828,0.03336997750985799,-0.04990204952005617,43,0.27906976744186046,-0.18170130101354087,80,0.3125,-0.0928130775733282,100,0.47,0.09036631776545198,66,0.45454545454545453,0.14863290418792213,30,0.6333333333333333,0.20213082264713392,7,0.7142857142857143,0.1964639329196308
roc_63_126_252_w211,10,30,90,197,0.40609137055837563,0.043407431120666286,-0.06470749633188833,21,0.19047619047619047,-0.18646393724428098,49,0.22448979591836735,-0.15959180197366632,68,0.5441176470588235,0.1257842259783366,41,0.4634146341463415,0.23823838921850504,17,0.47058823529411764,0.10306103064212446,1,1.0,0.21386606420909948
roc_63_126_252_w211,10,30,95,79,0.4810126582278481,0.16037552608863692,-0.02002403901321803,12,0.3333333333333333,-0.13300684839559987,17,0.23529411764705882,-0.05769212267551481,23,0.5652173913043478,0.16930042430751402,21,0.6666666666666666,0.47494522999643796,5,0.4,0.2329778348052293,1,1.0,0.21386606420909948
roc_63_126_252_w211,10,40,85,507,0.4516765285996055,0.03442507967462792,-0.03651036660321483,63,0.2857142857142857,-0.15304797749909363,123,0.34959349593495936,-0.07756876007521987,154,0.487012987012987,0.07350454068210001,102,0.5196078431372549,0.1407938472753983,52,0.6346153846153846,0.19192726544667635,13,0.5384615384615384,0.08716216631862703
roc_63_126_252_w211,10,40,90,285,0.4245614035087719,0.04398244795863164,-0.05538827040887251,30,0.2,-0.16217297563257974,78,0.2948717948717949,-0.10395056042817241,88,0.5113636363636364,0.0872765942438743,52,0.5,0.232020556554418,33,0.5454545454545454,0.15055572592184396,4,0.75,0.1986456152183329
roc_63_126_252_w211,10,40,95,107,0.4392523364485981,0.10986093335048293,-0.04560359796198454,12,0.3333333333333333,-0.13300684839559987,32,0.25,-0.06522196153519383,31,0.5161290322580645,0.12321379486512933,23,0.6521739130434783,0.4358472934419759,8,0.375,0.17254042052268953,1,1.0,0.21386606420909948
roc_63_126_252_w211,20,20,85,510,0.45294117647058824,0.052274855088911575,-0.03651036660321483,52,0.25,-0.16849005407500972,124,0.3951612903225806,-0.03478000368145194,164,0.45121951219512196,0.08525806179461583,103,0.49514563106796117,0.11227679796108406,56,0.6785714285714286,0.24591913921605255,11,0.5454545454545454,0.03782502212162254
roc_63_126_252_w211,20,20,90,324,0.48148148148148145,0.08696905433282714,-0.018911429963843596,27,0.14814814814814814,-0.18410935243420784,88,0.375,-0.04342241152767452,107,0.5327102803738317,0.10729861784143879,61,0.5245901639344263,0.23851881687066093,37,0.7027027027027027,0.25538237392925955,4,1.0,0.3725876401170237
roc_63_126_252_w211,20,20,95,146,0.4726027397260274,0.13183896341339707,-0.016239122432719966,17,0.23529411764705882,-0.16489809603867167,35,0.3142857142857143,0.012275245981039434,57,0.543859649122807,0.1508327321148669,31,0.6129032258064516,0.35364544533821285,5,0.6,0.3695564162871801,1,1.0,0.21386606420909948
roc_63_126_252_w211,20,30,85,863,0.46349942062572425,0.035763090594347735,-0.02554397643562334,98,0.30612244897959184,-0.13295220100898245,220,0.41818181818181815,-0.034052287885897696,249,0.43775100401606426,0.0426955830755927,166,0.5,0.09117800326224154,103,0.6796116504854369,0.22930220745489358,27,0.5925925925925926,0.08122330512413695
roc_63_126_252_w211,20,30,90,509,0.46168958742632615,0.06133721392197343,-0.027191126406157506,52,0.21153846153846154,-0.1548503241029543,142,0.33098591549295775,-0.059120171167891415,146,0.5,0.06113175229618563,94,0.5425531914893617,0.19352580533854757,61,0.6885245901639344,0.28004744615446364,14,0.7857142857142857,0.24774052092784465
roc_63_126_252_w211,20,30,95,197,0.45685279187817257,0.10574354475223037,-0.02280114761447205,23,0.17391304347826086,-0.1592955174542764,49,0.30612244897959184,-0.008326678063276095,69,0.5217391304347826,0.11096101601675974,42,0.5952380952380952,0.3040248802043998,13,0.6923076923076923,0.3280047157529204,1,1.0,0.21386606420909948
roc_63_126_252_w211,20,40,85,1291,0.46398140975987606,0.026820429780073766,-0.023475803257051342,149,0.3422818791946309,-0.09743477743964005,338,0.4171597633136095,-0.030155240294595213,349,0.4383954154727794,0.02865827920974667,248,0.532258064516129,0.09011593184307791,165,0.6121212121212121,0.16087711691838313,42,0.5,0.013823561677697816
roc_63_126_252_w211,20,40,90,736,0.44429347826086957,0.046441056882943435,-0.037285807377500424,79,0.27848101265822783,-0.11033091580539975,217,0.3225806451612903,-0.048471643560587536,198,0.4696969696969697,0.03492059168260623,130,0.5538461538461539,0.16704197517166344,87,0.6091954022988506,0.2410186534716904,25,0.68,0.14990102428050991
roc_63_126_252_w211,20,40,95,265,0.4226415094339623,0.06526282490947295,-0.04643258200927458,32,0.21875,-0.1225798356791349,70,0.3142857142857143,-0.016145541822985415,90,0.4666666666666667,0.06865435750485646,55,0.5636363636363636,0.22129348718176484,17,0.5294117647058824,0.2225583079828464,1,1.0,0.21386606420909948
roc_63_126_252_w211,40,20,85,1270,0.46692913385826773,0.0471101567073351,-0.021572046805262035,124,0.33064516129032256,-0.11464771004242563,308,0.4318181818181818,-0.015620353231271856,341,0.45454545454545453,0.04934487182904253,237,0.4641350210970464,0.05171075496439904,208,0.6201923076923077,0.2354104939192143,52,0.4807692307692308,0.015662528876971848
roc_63_126_252_w211,40,20,90,859,0.4831199068684517,0.08106460899379946,-0.013927213540461725,74,0.3108108108108108,-0.12574877757843086,239,0.39748953974895396,-0.0039035002170884478,230,0.47391304347826085,0.05991606252927505,145,0.5103448275862069,0.13362405968040356,142,0.6690140845070423,0.28987111211641386,29,0.6551724137931034,0.1933628866595108
roc_63_126_252_w211,40,20,95,375,0.464,0.08266171104270757,-0.0281918731863946,39,0.28205128205128205,-0.1512489325406834,98,0.3469387755102041,-0.00991285712078641,127,0.48031496062992124,0.08418022529443606,73,0.5616438356164384,0.19049433166569538,33,0.7272727272727273,0.3848099828491625,5,0.6,0.11452114998551147
roc_63_126_252_w211,40,30,85,1925,0.4722077922077922,0.03914697352408547,-0.013922518096398218,208,0.3317307692307692,-0.08847528491335127,476,0.4726890756302521,-0.005416730519071868,490,0.4306122448979592,0.028378207069512645,363,0.465564738292011,0.05838325846227037,306,0.630718954248366,0.19568453013447945,82,0.5121951219512195,0.01767526326330342
roc_63_126_252_w211,40,30,90,1241,0.47058823529411764,0.06298394824159843,-0.016744720686939107,142,0.28169014084507044,-0.09763965779874877,326,0.39570552147239263,-0.012912169176818748,306,0.45751633986928103,0.04414992669394117,219,0.502283105022831,0.104006714318892,200,0.665,0.26102742774500287,48,0.6666666666666666,0.15825015128854425
roc_63_126_252_w211,40,30,95,516,0.46124031007751937,0.07088490505454384,-0.028989406395213524,64,0.28125,-0.10850156104267837,141,0.3829787234042553,0.002699246440840221,157,0.5031847133757962,0.0715975399467039,96,0.5104166666666666,0.16719943034685514,52,0.6730769230769231,0.30391108500927205,6,0.5,0.007463610217469811
roc_63_126_252_w211,40,40,85,2769,0.47815095702419647,0.03075253175399523,-0.01097250880759848,319,0.3730407523510972,-0.06955144543465124,715,0.4825174825174825,-0.005066332014286814,672,0.4523809523809524,0.02001754670506216,514,0.4669260700389105,0.045804313719224686,432,0.5925925925925926,0.14595870439053513,117,0.5128205128205128,0.09304675489881115
roc_63_126_252_w211,40,40,90,1682,0.47384066587395957,0.051916614107452706,-0.014450074971923355,212,0.28773584905660377,-0.0825051020275612,471,0.4394904458598726,-0.005548690058537675,407,0.44717444717444715,0.02769395118080222,268,0.5149253731343284,0.09351971344386527,257,0.6536964980544747,0.2274784817321318,67,0.6119402985074627,0.18562877035553085
roc_63_126_252_w211,40,40,95,651,0.5053763440860215,0.08358014707413913,0.003107516781941433,87,0.367816091954023,-0.06895984335692991,185,0.4486486486486487,0.015234684814348164,182,0.510989010989011,0.07838331387935152,122,0.5491803278688525,0.1434737501031645,66,0.7272727272727273,0.3162462031405024,9,0.6666666666666666,0.5494176163963416
roc_63_126_252_w122,10,20,85,87,0.6091954022988506,0.23965359099653394,0.04906015244036377,13,0.15384615384615385,-0.2043586070977687,12,0.5,0.11181218480458698,27,0.7037037037037037,0.28683821185092284,24,0.7083333333333334,0.45402191549959525,10,0.8,0.3309754335140106,1,1.0,0.21386606420909948
roc_63_126_252_w122,10,20,90,51,0.7058823529411765,0.46648786126023334,0.19869225262111567,6,0.0,-0.2648532148485375,3,0.6666666666666666,0.27964983776445657,18,0.7777777777777778,0.42558020813088254,19,0.8421052631578947,0.6969879013455845,4,0.75,0.855992690984666,1,1.0,0.21386606420909948
roc_63_126_252_w122,10,20,95,20,0.7,0.46010564218130307,0.20395474487797027,1,0.0,-0.0665272162452486,2,0.5,0.4051947454521636,5,0.8,0.22068868189037388,10,0.7,0.6595337053970243,1,1.0,0.503549048513336,1,1.0,0.2559210570315358
roc_63_126_252_w122,10,30,85,163,0.5460122699386503,0.1631369919525473,0.03189665142150733,19,0.10526315789473684,-0.182048371115618,32,0.4375,0.05750272614898553,53,0.6415094339622641,0.19937604536802297,34,0.6176470588235294,0.39579660093154545,23,0.7391304347826086,0.1790918340530925,2,0.5,0.03351724164775938
roc_63_126_252_w122,10,30,90,88,0.5909090909090909,0.30665727872549514,0.06038162325524543,8,0.0,-0.23869119150985146,16,0.4375,0.13927826409832483,32,0.65625,0.2730733573448777,20,0.85,0.7331347199768627,11,0.5454545454545454,0.27745544868788535,1,1.0,0.21386606420909948
roc_63_126_252_w122,10,30,95,28,0.6785714285714286,0.4129267343772968,0.1934096741902721,1,0.0,-0.0665272162452486,4,0.5,0.45915597015194454,7,0.8571428571428571,0.2764503696345176,12,0.6666666666666666,0.5802784485443474,2,0.5,0.22225981153673413,2,1.0,0.2244191525772602
roc_63_126_252_w122,10,40,85,285,0.512280701754386,0.1029342379484597,0.006555686091406887,31,0.22580645161290322,-0.11581421432818731,53,0.4528301886792453,0.06062275661729966,92,0.5543478260869565,0.09501474915963973,58,0.603448275862069,0.26552048361850233,44,0.6363636363636364,0.14870174860446436,7,0.14285714285714285,-0.13870422176978373
roc_63_126_252_w122,10,40,90,129,0.5038759689922481,0.1849441872412864,0.004561087354248983,17,0.11764705882352941,-0.20511164273980592,24,0.4166666666666667,0.10520549740479246,47,0.5319148936170213,0.16183685394686265,25,0.76,0.5456488648578323,15,0.5333333333333333,0.22388975478867834,1,1.0,0.21386606420909948
roc_63_126_252_w122,10,40,95,45,0.5333333333333333,0.2887149992442412,0.043442604851805955,5,0.0,-0.20146338942513267,10,0.5,0.24121692590460703,9,0.7777777777777778,0.3641491311174222,16,0.5625,0.4682852415928017,3,0.3333333333333333,0.12285943445810062,2,1.0,0.2244191525772602
roc_63_126_252_w122,20,20,85,238,0.5336134453781513,0.13265326922591153,0.009219594091548267,25,0.2,-0.1550881816035508,38,0.3684210526315789,0.012906694191841431,90,0.5111111111111111,0.08021296248528052,46,0.6739130434782609,0.41543539718669775,37,0.8108108108108109,0.23938487225006863,2,0.5,-0.11410346547506778
roc_63_126_252_w122,20,20,90,137,0.5547445255474452,0.26361711162988344,0.03189665142150733,19,0.10526315789473684,-0.20052433012633983,19,0.47368421052631576,0.15450070371363078,54,0.5740740740740741,0.2027536169303963,31,0.7419354838709677,0.5851433438546864,12,0.8333333333333334,0.672016777513116,2,0.5,-0.0811735543792837
roc_63_126_252_w122,20,20,95,63,0.6349206349206349,0.3564027613565214,0.1584303479724145,7,0.14285714285714285,-0.07067550021944967,6,0.8333333333333334,0.4694881700283382,22,0.6363636363636364,0.2059168654912905,22,0.6818181818181818,0.5551835862349178,3,0.6666666666666666,0.9509386516890851,3,1.0,0.17804918459437657
roc_63_126_252_w122,20,30,85,405,0.48641975308641977,0.09877371204425835,-0.009854808113235247,45,0.17777777777777778,-0.13852541864387358,86,0.3953488372093023,0.030160444665217778,130,0.4846153846153846,0.045315076416822066,75,0.5866666666666667,0.27091649381404725,58,0.7413793103448276,0.285451611423369,11,0.45454545454545453,0.07975532208130941
roc_63_126_252_w122,20,30,90,211,0.5213270142180095,0.190182607151642,0.009025626102403317,28,0.10714285714285714,-0.21321618957906985,48,0.4791666666666667,0.11062917041275981,76,0.5394736842105263,0.1566231816603669,38,0.7368421052631579,0.5279491477813829,19,0.7368421052631579,0.4729105749618981,2,0.5,-0.0811735543792837
roc_63_126_252_w122,20,30,95,94,0.6170212765957447,0.2795635174006708,0.11842490930884719,9,0.1111111111111111,-0.10831298594265411,18,0.6666666666666666,0.2538076281293715,30,0.6666666666666666,0.1616945224738783,28,0.6428571428571429,0.47112133281988455,6,0.6666666666666666,0.6848116093103352,3,1.0,0.17804918459437657
roc_63_126_252_w122,20,40,85,694,0.4769452449567723,0.06293339872893444,-0.014452016713695504,77,0.22077922077922077,-0.10397150504214347,140,0.4142857142857143,0.007235528732206875,227,0.4801762114537445,0.01524179269357694,129,0.5813953488372093,0.18266625169277714,98,0.6530612244897959,0.24228000157546536,23,0.34782608695652173,-0.0011574666809018236
roc_63_126_252_w122,20,40,90,346,0.47398843930635837,0.10969942481371348,-0.019971331865925368,49,0.16326530612244897,-0.17394403805131153,81,0.38271604938271603,0.031091917295442383,117,0.5128205128205128,0.09094796313926487,60,0.65,0.3206327970950614,36,0.6666666666666666,0.3846366786495516,3,0.6666666666666666,0.14864899234270415
roc_63_126_252_w122,20,40,95,133,0.5263157894736842,0.1799676667667187,0.01808156769761249,13,0.07692307692307693,-0.1197361068146332,25,0.6,0.18538723684454012,40,0.575,0.11074348431849299,41,0.5365853658536586,0.2927067226550821,11,0.5454545454545454,0.35388414473355456,3,1.0,0.17804918459437657
roc_63_126_252_w122,40,20,85,643,0.505443234836703,0.07626492049864383,0.0019545535131310077,61,0.2786885245901639,-0.126544360340808,122,0.3524590163934426,0.009055203306464383,208,0.47115384615384615,0.03513722204886282,132,0.6060606060606061,0.18587519909769332,100,0.74,0.21708721538845194,20,0.65,0.11048176653617432
roc_63_126_252_w122,40,20,90,376,0.4973404255319149,0.13570629495379544,-0.0006020179269874415,48,0.22916666666666666,-0.1613546439199139,70,0.38571428571428573,0.06378183967999593,129,0.5581395348837209,0.15358680559589089,81,0.5432098765432098,0.23647516538690966,43,0.7209302325581395,0.3577582842126063,5,0.4,0.011167472852933314
roc_63_126_252_w122,40,20,95,175,0.5428571428571428,0.21534848609433083,0.043442604851805955,19,0.2631578947368421,-0.14136096166729023,23,0.5652173913043478,0.1836204309253797,66,0.5454545454545454,0.13453607781945648,54,0.5555555555555556,0.3380242726017811,10,0.8,0.848173401653925,3,1.0,0.17804918459437657
roc_63_126_252_w122,40,30,85,1032,0.5,0.06299875260915042,3.485582485862615e-05,114,0.2719298245614035,-0.10842473983361597,220,0.4318181818181818,0.009906357916499277,295,0.49491525423728816,0.02122485481459869,183,0.5683060109289617,0.14471316201965725,174,0.6551724137931034,0.20088527262473807,46,0.5652173913043478,0.1647732705401696
roc_63_126_252_w122,40,30,90,584,0.5,0.10334313366545032,0.00020705834797307698,84,0.25,-0.14833782409877772,129,0.4573643410852713,0.04588895921175223,177,0.5480225988700564,0.10459215227273291,112,0.5178571428571429,0.18193679169120316,74,0.7027027027027027,0.34045395862495426,8,0.625,0.3610450805868681
roc_63_126_252_w122,40,30,95,242,0.5413223140495868,0.1832351317677364,0.03995516704038704,24,0.25,-0.1265354552065211,44,0.5909090909090909,0.12616123750398867,87,0.5287356321839081,0.10461796433403907,66,0.5303030303030303,0.29206262820124346,17,0.8235294117647058,0.7536956043363207,4,1.0,0.15948418262807457
roc_63_126_252_w122,40,40,85,1610,0.49875776397515525,0.049605058648578865,3.485582485862615e-05,172,0.27325581395348836,-0.09197370882612592,357,0.4789915966386555,0.013460083782875618,457,0.474835886214442,0.007896989746117123,269,0.587360594795539,0.11913928661877711,280,0.6178571428571429,0.17446148517855845,75,0.49333333333333335,0.08588040820251873
roc_63_126_252_w122,40,40,90,854,0.49063231850117095,0.07821014013294407,-0.005146629911720546,122,0.2459016393442623,-0.1293852105510496,196,0.45918367346938777,0.038313525064452535,254,0.5196850393700787,0.0666076896220958,146,0.5205479452054794,0.15613835838248713,122,0.680327868852459,0.26128662840331324,14,0.5714285714285714,0.2501365319814365
roc_63_126_252_w122,40,40,95,340,0.5058823529411764,0.11901289018550204,0.0021430472199227557,41,0.24390243902439024,-0.12713245201062903,70,0.5,0.05964490978795884,106,0.5566037735849056,0.08973297712322553,87,0.5287356321839081,0.22408725692033454,31,0.5806451612903226,0.3849241953260465,5,0.8,0.11234650562218522
roc_63_126_252_w212,10,20,85,141,0.45390070921985815,0.10120652273541056,-0.028845728437999707,18,0.2222222222222222,-0.18780376986577849,28,0.25,-0.17260114035371696,51,0.5882352941176471,0.1719723746242938,32,0.5625,0.34459285231265063,10,0.4,0.22181488589890153,2,0.5,0.23385412717408038
roc_63_126_252_w212,10,20,90,84,0.5119047619047619,0.1412670892946324,0.004901910292297473,11,0.09090909090909091,-0.23965683064060378,17,0.23529411764705882,-0.15913634958987347,27,0.6296296296296297,0.15880191154330137,25,0.72,0.4459887033703244,3,0.6666666666666666,0.5189144402290878,1,1.0,0.21386606420909948
roc_63_126_252_w212,10,20,95,45,0.5555555555555556,0.13578895188116916,0.043442604851805955,2,0.0,-0.2885886093388657,9,0.3333333333333333,-0.13152910905975437,16,0.5,-0.15932928527956014,14,0.7857142857142857,0.6075135090586324,3,0.6666666666666666,0.5672184694370467,1,1.0,0.21386606420909948
roc_63_126_252_w212,10,30,85,227,0.4581497797356828,0.06718629076321936,-0.02002403901321803,28,0.25,-0.15290542472265045,58,0.27586206896551724,-0.1005108955030051,76,0.5921052631578947,0.12723996862636408,42,0.5714285714285714,0.29306874949676825,16,0.5,0.18739458378384477,7,0.5714285714285714,0.05497619994997892
roc_63_126_252_w212,10,30,90,119,0.42016806722689076,0.08479675805562284,-0.06749388982891502,15,0.06666666666666667,-0.21260974143589545,34,0.17647058823529413,-0.149295169654229,37,0.5405405405405406,0.1103767348320149,28,0.6785714285714286,0.42411684023232404,4,0.75,0.5457298297256533,1,1.0,0.21386606420909948
roc_63_126_252_w212,10,30,95,54,0.5,0.12109950454239883,-0.007489005215505884,4,0.0,-0.212262843656815,10,0.4,-0.09866358278272101,18,0.4444444444444444,-0.14860070825911897,18,0.6666666666666666,0.5074639846604393,3,0.6666666666666666,0.5672184694370467,1,1.0,0.21386606420909948
roc_63_126_252_w212,10,40,85,362,0.4585635359116022,0.07383573708393236,-0.01834694569981432,37,0.24324324324324326,-0.14310412051964846,89,0.3146067415730337,-0.0676118953727544,116,0.5172413793103449,0.0929730461799371,69,0.5797101449275363,0.23433876256360253,39,0.5897435897435898,0.2604998665644093,12,0.5,0.07725876683436782
roc_63_126_252_w212,10,40,90,184,0.45108695652173914,0.11931225058120487,-0.05523274076155377,19,0.05263157894736842,-0.20407898330540794,48,0.2708333333333333,-0.07192501643532091,58,0.5,0.12319917740964695,42,0.6904761904761905,0.3863319493023124,16,0.625,0.35612470962338183,1,1.0,0.21386606420909948
roc_63_126_252_w212,10,40,95,79,0.45569620253164556,0.14887231620062713,-0.05902942543986778,6,0.0,-0.22213358876293965,17,0.35294117647058826,-0.042645658055068376,26,0.46153846153846156,0.012209274251732297,22,0.5909090909090909,0.4094588264018719,7,0.5714285714285714,0.611327046252575,1,1.0,0.21386606420909948
roc_63_126_252_w212,20,20,85,338,0.47041420118343197,0.09196591967309639,-0.018979226482432554,36,0.19444444444444445,-0.14139259632756518,74,0.32432432432432434,-0.0809329778252923,130,0.5384615384615384,0.11454902009585137,57,0.5263157894736842,0.25170487897084437,34,0.7058823529411765,0.36459890014669,7,0.5714285714285714,0.07553447965489828
roc_63_126_252_w212,20,20,90,181,0.5193370165745856,0.13962333261293827,0.009629597189606764,21,0.09523809523809523,-0.19159088805981975,36,0.3333333333333333,-0.05704788395496555,70,0.5428571428571428,0.11752791737989564,40,0.75,0.3904171572574205,13,0.8461538461538461,0.5608807002675529,1,1.0,0.21386606420909948
roc_63_126_252_w212,20,20,95,95,0.5157894736842106,0.17813941385627474,0.01562194085228863,9,0.1111111111111111,-0.19326697663399894,14,0.35714285714285715,-0.03785719545091285,39,0.5128205128205128,0.014981007162061055,24,0.6666666666666666,0.5061551164990256,7,0.7142857142857143,0.8651719628971417,2,1.0,0.20223101339394456
roc_63_126_252_w212,20,30,85,570,0.48947368421052634,0.06834958383386956,-0.009278838620019658,64,0.265625,-0.1242136525454854,139,0.37410071942446044,-0.05512942253882529,188,0.5372340425531915,0.07823677203298578,98,0.5612244897959183,0.18349675836372734,61,0.6721311475409836,0.3109098109172248,20,0.65,0.145761617665806
roc_63_126_252_w212,20,30,90,308,0.4675324675324675,0.08623864680755798,-0.02662808687857443,41,0.21951219512195122,-0.1265393970802803,76,0.27631578947368424,-0.05994204067668963,106,0.49056603773584906,0.058298097835014995,59,0.7288135593220338,0.35209452177368444,20,0.8,0.4580664053291813,6,0.5,0.0317850544508597
roc_63_126_252_w212,20,30,95,125,0.504,0.15503044341367442,0.009629597189606764,12,0.08333333333333333,-0.18960729857171968,23,0.43478260869565216,0.039403004160052005,53,0.49056603773584906,0.0183211864324562,27,0.6666666666666666,0.4715633224010322,8,0.75,0.8300161626691014,2,1.0,0.20223101339394456
roc_63_126_252_w212,20,40,85,902,0.47339246119733924,0.06247833128101692,-0.012911558184199423,95,0.29473684210526313,-0.10863003749346722,222,0.3918918918918919,-0.04243941878227397,282,0.48226950354609927,0.04156247313032584,161,0.5527950310559007,0.16948933509749237,110,0.6090909090909091,0.25420330359016674,32,0.625,0.2885345807022325
roc_63_126_252_w212,20,40,90,475,0.45263157894736844,0.07070835898801489,-0.036600692117507605,55,0.21818181818181817,-0.11518478200946325,133,0.3157894736842105,-0.044967179414334535,147,0.4557823129251701,0.0295449280012462,89,0.6404494382022472,0.27255744813229416,43,0.7441860465116279,0.39073834726343426,8,0.625,0.08770640609915922
roc_63_126_252_w212,20,40,95,169,0.48520710059171596,0.14309535680682797,-0.024607607620618532,15,0.06666666666666667,-0.18052971705722384,35,0.37142857142857144,0.011805925798160552,62,0.5,0.039275836167541184,39,0.6153846153846154,0.35993978868703935,16,0.6875,0.6000398765816679,2,1.0,0.20223101339394456
roc_63_126_252_w212,40,20,85,883,0.48471121177802945,0.07212403541582148,-0.009694431042675977,92,0.2826086956521739,-0.10537597929124938,213,0.37089201877934275,-0.06408445234900831,250,0.512,0.08248183797221018,150,0.5,0.11473459917337121,136,0.6911764705882353,0.30423478905349244,42,0.6190476190476191,0.18728884763639145
roc_63_126_252_w212,40,20,90,520,0.47307692307692306,0.07141338197581501,-0.026143498399260223,49,0.1836734693877551,-0.1550378891850766,120,0.375,-0.034087876158099266,162,0.4691358024691358,0.04827316248654185,108,0.5555555555555556,0.18243362932462254,66,0.7424242424242424,0.30861558229471914,15,0.4666666666666667,0.06944452416552029
roc_63_126_252_w212,40,20,95,233,0.47639484978540775,0.08368766907971346,-0.015663046903422573,20,0.2,-0.1839836272664792,38,0.3684210526315789,-0.06405741865931676,102,0.46078431372549017,0.011461881365854496,50,0.56,0.28805316013265825,19,0.7368421052631579,0.49544852330384054,4,1.0,0.1569473753084536
roc_63_126_252_w212,40,30,85,1346,0.4933135215453195,0.0656507585877959,-0.005417457052592223,151,0.2980132450331126,-0.0926435668030306,328,0.42378048780487804,-0.03524400404651538,368,0.5081521739130435,0.054139819555131995,220,0.4818181818181818,0.08322781425337562,211,0.6729857819905213,0.2723781504064382,68,0.6617647058823529,0.2683077149592566
roc_63_126_252_w212,40,30,90,771,0.4695201037613489,0.07605612228823397,-0.027191196018920227,92,0.2826086956521739,-0.09820338910125413,185,0.3891891891891892,-0.012666239509989057,221,0.4434389140271493,0.02994424419519145,147,0.5238095238095238,0.14255708128241992,104,0.7211538461538461,0.3439093138511154,22,0.6363636363636364,0.30652726335076763
roc_63_126_252_w212,40,30,95,335,0.4746268656716418,0.0951265074687698,-0.017471735042086323,37,0.24324324324324326,-0.14032759626205568,64,0.328125,-0.026565388777840752,128,0.484375,0.012558403695176506,69,0.5797101449275363,0.27289942968200426,33,0.696969696969697,0.5361927310073042,4,1.0,0.1569473753084536
roc_63_126_252_w212,40,40,85,2028,0.48520710059171596,0.0483766250551418,-0.007076344686490099,232,0.28879310344827586,-0.08398514024327387,493,0.4421906693711968,-0.02100891989184586,539,0.47680890538033394,0.026184530264994517,352,0.5340909090909091,0.07862176672681677,312,0.6314102564102564,0.2133918540113127,100,0.57,0.19438306411824943
roc_63_126_252_w212,40,40,90,1113,0.4573225516621743,0.05316830187906475,-0.028296640688268093,139,0.23741007194244604,-0.10613357872631028,275,0.4109090909090909,-0.013247741587383201,304,0.4276315789473684,0.004966482439743799,207,0.5072463768115942,0.10496934910702854,158,0.7025316455696202,0.28842039156659494,30,0.5666666666666667,0.29383098745851716
roc_63_126_252_w212,40,40,95,438,0.4817351598173516,0.09532746797489267,-0.008727496146342162,49,0.2857142857142857,-0.10734150306162162,100,0.38,-0.012042959634372135,139,0.48201438848920863,0.005740429005850748,95,0.5578947368421052,0.225387664231053,48,0.6666666666666666,0.44651803494644576,7,1.0,0.6535495964667101
roc_63_126_252_w113,10,20,85,72,0.5138888888888888,0.2450134118924049,0.0036306081042664085,10,0.2,-0.08953300048734816,11,0.18181818181818182,-0.08002334359999698,22,0.6818181818181818,0.25591310541410506,20,0.7,0.5451521057128267,7,0.42857142857142855,0.4023410748663191,2,0.5,0.03351724164775938
roc_63_126_252_w113,10,20,90,38,0.6578947368421053,0.39120425191345964,0.17874408644908435,4,0.0,-0.17665857073834176,5,0.2,-0.10671612967123312,12,0.75,0.19217970363140446,13,0.8461538461538461,0.7441865794702895,3,1.0,1.3038428210404276,1,1.0,0.21386606420909948
roc_63_126_252_w113,10,20,95,22,0.6818181818181818,0.500764061616304,0.17822809317013144,1,0.0,-0.0665272162452486,2,0.0,-0.27829219572850944,10,0.8,0.24212695147365118,7,0.7142857142857143,1.2555139848260417,1,1.0,0.377795331113147,1,1.0,0.05225822362900612
roc_63_126_252_w113,10,30,85,127,0.4251968503937008,0.12077804960338571,-0.04276739438877131,18,0.16666666666666666,-0.1517414139832536,30,0.26666666666666666,-0.020887425144408552,41,0.5121951219512195,0.10768587245668898,25,0.68,0.44749598527921786,9,0.4444444444444444,0.3886881082411977,4,0.25,-0.10098321780366629
roc_63_126_252_w113,10,30,90,63,0.5555555555555556,0.2511391532197994,0.04906015244036377,7,0.0,-0.20437357785899768,16,0.3125,0.028995159123379216,18,0.6666666666666666,0.09638340901699632,17,0.7647058823529411,0.600211201044391,4,1.0,1.15902532690415,1,1.0,0.21386606420909948
roc_63_126_252_w113,10,30,95,34,0.6176470588235294,0.38951625215807795,0.1572385370527276,3,0.6666666666666666,0.09552195182444574,9,0.2222222222222222,0.022598232126173994,11,0.7272727272727273,0.200211676299742,8,0.75,1.1745809737788893,2,1.0,0.5511840878042322,1,1.0,0.05225822362900612
roc_63_126_252_w113,10,40,85,222,0.4369369369369369,0.07454415474484097,-0.042832827564137366,34,0.17647058823529413,-0.12161687865196355,54,0.3148148148148148,-0.042544253598435916,70,0.5142857142857142,0.07026688967783723,35,0.6857142857142857,0.37662123347470317,23,0.5652173913043478,0.2423385143664457,6,0.16666666666666666,-0.11550755960907914
roc_63_126_252_w113,10,40,90,105,0.5142857142857142,0.16862956836189782,0.010491667064156607,12,0.08333333333333333,-0.14271440449941394,28,0.2857142857142857,-0.02724156376128026,36,0.6111111111111112,0.12119156146425684,19,0.7894736842105263,0.5448422461048454,9,0.7777777777777778,0.5836307071548528,1,1.0,0.21386606420909948
roc_63_126_252_w113,10,40,95,49,0.5510204081632653,0.297530156780382,0.09354279276021282,7,0.2857142857142857,-0.03596166091013285,11,0.18181818181818182,-0.04529875112229964,15,0.6,0.23711247372417313,11,0.8181818181818182,0.9300658804246266,4,1.0,0.37233138919811276,1,1.0,0.05225822362900612
roc_63_126_252_w113,20,20,85,175,0.4857142857142857,0.1549610462603331,-0.009923750925325603,22,0.22727272727272727,-0.09878797069274446,25,0.28,0.02154986878887192,69,0.4927536231884058,0.07770702663645741,38,0.6842105263157895,0.44212264730011686,18,0.6111111111111112,0.3533023359638078,3,0.6666666666666666,0.0769614161361097
roc_63_126_252_w113,20,20,90,105,0.5333333333333333,0.2554074828190363,0.012771067420686899,19,0.05263157894736842,-0.15985810696050312,14,0.42857142857142855,0.14917860755274595,39,0.5897435897435898,0.10300728038874651,25,0.72,0.5894131511571493,7,1.0,1.2571586348872827,1,1.0,0.21386606420909948
roc_63_126_252_w113,20,20,95,57,0.5964912280701754,0.4179702626631275,0.13310647009215337,7,0.2857142857142857,-0.027356103553662754,5,0.4,0.20882237037812584,27,0.5555555555555556,0.11553019729904758,13,0.7692307692307693,1.0715597611139147,4,1.0,1.4674588498997743,1,1.0,0.05225822362900612
roc_63_126_252_w113,20,30,85,339,0.46607669616519176,0.08599115931081999,-0.019971331865925368,46,0.17391304347826086,-0.1534583850046511,70,0.35714285714285715,-0.0195769216576135,113,0.45132743362831856,0.033982921575987736,59,0.6949152542372882,0.33505031463150287,41,0.7073170731707317,0.34555121879478473,10,0.4,-0.019516543931658435
roc_63_126_252_w113,20,30,90,172,0.5348837209302325,0.18183739438628568,0.01984417230404023,25,0.04,-0.17069722500518633,37,0.35135135135135137,0.013103747113617885,56,0.6428571428571429,0.10562092048377993,36,0.7222222222222222,0.45717314959631555,15,1.0,0.886019516383459,3,0.3333333333333333,-0.20155795398132922
roc_63_126_252_w113,20,30,95,79,0.6075949367088608,0.32436902987967353,0.10979301567014921,10,0.4,-0.012497723952735884,13,0.38461538461538464,0.0966769264061445,31,0.5483870967741935,0.103574155669754,16,0.8125,0.918247594936721,7,1.0,0.9193175791961286,2,1.0,0.07767357880943726
roc_63_126_252_w113,20,40,85,582,0.46735395189003437,0.07323776920622097,-0.022498878868695726,70,0.22857142857142856,-0.1308190386906179,120,0.38333333333333336,-0.03874975811096702,187,0.44385026737967914,0.0024489128836526703,110,0.6272727272727273,0.22654495018737805,75,0.6533333333333333,0.29020456322255117,20,0.45,0.4720879534557544
roc_63_126_252_w113,20,40,90,277,0.4729241877256318,0.10887180592396499,-0.011733575963475129,36,0.1111111111111111,-0.1505753726497071,68,0.38235294117647056,-0.005361850504975019,88,0.5,0.047659732332008174,54,0.6481481481481481,0.29380083678174423,27,0.7407407407407407,0.6097263371675239,4,0.5,-0.09854355335755563
roc_63_126_252_w113,20,40,95,118,0.559322033898305,0.23270273943492628,0.07046585404722416,15,0.26666666666666666,-0.05572968581107599,20,0.4,0.05120724851296079,50,0.5,0.09261353398762752,19,0.7894736842105263,0.7596818892263193,12,1.0,0.6708953181606591,2,1.0,0.07767357880943726
roc_63_126_252_w113,40,20,85,487,0.4620123203285421,0.10558340569928147,-0.024762727457733447,55,0.2545454545454545,-0.12727879508746456,84,0.3333333333333333,-0.028791698427957316,153,0.4117647058823529,0.021631131453621655,105,0.5047619047619047,0.18258984899796393,74,0.7702702702702703,0.3440419443653523,16,0.625,0.8108975172738339
roc_63_126_252_w113,40,20,90,258,0.4496124031007752,0.11953249310722888,-0.036581012799184354,32,0.125,-0.1613276878580086,43,0.4186046511627907,0.024468854935957293,97,0.4742268041237113,0.05057854851061512,62,0.4838709677419355,0.27816061267747866,21,0.7619047619047619,0.5959278256310556,3,0.6666666666666666,0.14725835355329883
roc_63_126_252_w113,40,20,95,138,0.5507246376811594,0.24557814822519702,0.06639832236030241,17,0.4117647058823529,-0.020146092339972183,12,0.4166666666666667,0.13115689754015936,65,0.5230769230769231,0.08349604343373833,31,0.5806451612903226,0.5476263649080194,9,1.0,1.119418108633715,4,0.75,0.044990535332442766
roc_63_126_252_w113,40,30,85,884,0.48642533936651583,0.06356071531746374,-0.009854808113235247,113,0.25663716814159293,-0.11855023098825876,172,0.42441860465116277,-0.016685047483882033,251,0.44223107569721115,-0.006855266710069431,168,0.5535714285714286,0.15021232594482092,150,0.7066666666666667,0.23869910268670977,30,0.6,0.4406821334219101
roc_63_126_252_w113,40,30,90,440,0.45,0.06934124845126305,-0.026247638928375228,61,0.18032786885245902,-0.1363639518182995,94,0.4148936170212766,-0.00010734103903513522,138,0.4782608695652174,0.028622392570739674,86,0.5116279069767442,0.208481614481216,49,0.673469387755102,0.35127890599505424,12,0.4166666666666667,-0.009532884227752983
roc_63_126_252_w113,40,30,95,195,0.5487179487179488,0.18812482510016876,0.05052222443532006,21,0.3333333333333333,-0.03368099453369125,39,0.48717948717948717,0.03428509802976933,77,0.5064935064935064,0.05894277536554879,39,0.6153846153846154,0.4890899661934496,15,1.0,0.8174305620371907,4,0.75,0.044990535332442766
roc_63_126_252_w113,40,40,85,1361,0.4849375459221161,0.05007822958963043,-0.009534485386307967,168,0.27976190476190477,-0.0988500884896958,280,0.4392857142857143,-0.011522646074718522,394,0.4416243654822335,-0.01604009102552103,244,0.569672131147541,0.12012459934182633,231,0.6623376623376623,0.22405975172214462,44,0.5454545454545454,0.3025287178468989
roc_63_126_252_w113,40,40,90,662,0.4501510574018127,0.06805008838686875,-0.026742449759840747,88,0.22727272727272727,-0.10660422433575642,156,0.38461538461538464,-0.01737484439045984,198,0.47474747474747475,0.013733437871525731,122,0.4918032786885246,0.13590775997263224,82,0.6829268292682927,0.4200222101873963,16,0.5,0.21667968747259136
roc_63_126_252_w113,40,40,95,292,0.4965753424657534,0.13953615228342717,-0.0017352477755052664,29,0.3793103448275862,-0.04578286723907561,66,0.4090909090909091,-0.010083693555979255,106,0.4716981132075472,0.03417404143035637,52,0.5769230769230769,0.36588932143505126,34,0.6764705882352942,0.5882211247250219,5,0.8,0.107651403387793
roc_63_126_252_w311,10,20,85,253,0.4426877470355731,0.09752690304194865,-0.03162476917122803,25,0.12,-0.2356292625647098,67,0.31343283582089554,-0.08170398558120942,77,0.5064935064935064,0.18928040267237317,58,0.5172413793103449,0.2598318604024177,23,0.6956521739130435,0.2397900574802647,3,1.0,0.29306494550424755
roc_63_126_252_w311,10,20,90,165,0.41818181818181815,0.04156965327345923,-0.06082401705166929,18,0.05555555555555555,-0.2665805041013538,48,0.2916666666666667,-0.1308951448968745,51,0.6078431372549019,0.1854298970039607,35,0.5428571428571428,0.1912788272789159,12,0.25,0.09784877348077732,1,1.0,0.6145398352617415
roc_63_126_252_w311,10,20,95,76,0.40789473684210525,0.04312821728537088,-0.04543645053239137,12,0.25,-0.21889108470675242,18,0.2222222222222222,-0.13090165553414457,20,0.6,0.13150850487938973,21,0.47619047619047616,0.24698904997060103,4,0.25,0.05746527965107598,1,1.0,0.21386606420909948
roc_63_126_252_w311,10,30,85,429,0.42657342657342656,0.07199919853348292,-0.042800752080970506,47,0.2127659574468085,-0.1689535580911244,116,0.3448275862068966,-0.05632138593393213,119,0.42857142857142855,0.12525973163533013,88,0.5,0.23380158301710746,51,0.6470588235294118,0.18367892996851112,8,0.625,0.07817013780179485
roc_63_126_252_w311,10,30,90,257,0.4163424124513619,0.05894073721486908,-0.06082401705166929,30,0.2,-0.1625885166662198,72,0.3055555555555556,-0.10645979632616524,79,0.5189873417721519,0.15057224754478615,53,0.5283018867924528,0.22914759333874946,22,0.4090909090909091,0.1379982027926489,1,1.0,0.6145398352617415
roc_63_126_252_w311,10,30,95,107,0.4392523364485981,0.10443900814232265,-0.04318271643358018,15,0.26666666666666666,-0.20401849592349547,28,0.2857142857142857,-0.10095103115513637,31,0.5483870967741935,0.17754147346829258,25,0.52,0.3620998660684846,7,0.5714285714285714,0.3273902555694983,1,1.0,0.21386606420909948
roc_63_126_252_w311,10,40,85,669,0.4349775784753363,0.051937539859774874,-0.039356930887079755,77,0.2857142857142857,-0.1292278972040982,180,0.35,-0.0497258176865643,176,0.4375,0.07762956399626639,133,0.49624060150375937,0.1629007453628082,85,0.6352941176470588,0.2098050898101452,18,0.5,0.03151503447601786
roc_63_126_252_w311,10,40,90,374,0.42513368983957217,0.05156698197258994,-0.05009483711623958,41,0.24390243902439024,-0.1184630763635816,103,0.30097087378640774,-0.0913451125996932,108,0.5092592592592593,0.11887867983208322,70,0.5285714285714286,0.18054192746920839,43,0.5348837209302325,0.17838238723750488,9,0.3333333333333333,0.04492322116684406
roc_63_126_252_w311,10,40,95,144,0.4305555555555556,0.09651378735180537,-0.04543645053239137,15,0.26666666666666666,-0.20401849592349547,39,0.3333333333333333,-0.049958127341711636,45,0.4888888888888889,0.1429201512411937,30,0.5,0.31371040946560996,14,0.5,0.20357461641486005,1,1.0,0.21386606420909948
roc_63_126_252_w311,20,20,85,728,0.46016483516483514,0.06645227096205371,-0.025349533352696296,69,0.18840579710144928,-0.1750583293544206,193,0.39378238341968913,-0.02826857479417549,209,0.430622009569378,0.0663739301154749,146,0.547945205479452,0.17126447557284,90,0.6888888888888889,0.2530854983995015,21,0.6666666666666666,0.20274539225628316
roc_63_126_252_w311,20,20,90,434,0.4608294930875576,0.07763568966995565,-0.03414361568493662,33,0.12121212121212122,-0.18973622875099133,122,0.3524590163934426,-0.05254000253354187,141,0.5390070921985816,0.1409246655463655,81,0.5061728395061729,0.15800172968583753,48,0.625,0.25182252823706447,9,0.6666666666666666,0.17878509696290001
roc_63_126_252_w311,20,20,95,208,0.4855769230769231,0.12122147706277533,-0.006049672369451198,20,0.15,-0.1908550361703968,50,0.4,-0.01874623212797763,76,0.5657894736842105,0.1629620571280031,45,0.4888888888888889,0.21504121500019865,16,0.75,0.48079015486986354,1,1.0,0.21386606420909948
roc_63_126_252_w311,20,30,85,1150,0.44956521739130434,0.048917292187962876,-0.028015728743331803,120,0.2916666666666667,-0.12467696267938715,305,0.39672131147540984,-0.02506039374942767,304,0.40789473684210525,0.046668473469163724,223,0.5022421524663677,0.11542527722217634,164,0.6341463414634146,0.20867451135686918,34,0.6176470588235294,0.14511427644252617
roc_63_126_252_w311,20,30,90,691,0.45875542691751087,0.05492271180997749,-0.026177520834275714,74,0.3108108108108108,-0.09983897591529875,205,0.3853658536585366,-0.050372092446203096,190,0.4842105263157895,0.10522046693358471,123,0.4878048780487805,0.11411423660805184,83,0.6385542168674698,0.23035940450266698,16,0.625,0.16108613505021477
roc_63_126_252_w311,20,30,95,291,0.4570446735395189,0.09331700872182411,-0.03211781964248672,29,0.1724137931034483,-0.17268846283017822,81,0.35802469135802467,-0.030528632236178573,96,0.5416666666666666,0.13354975882234812,62,0.4838709677419355,0.1935256073904524,21,0.7142857142857143,0.44921784385517327,2,1.0,0.19154747257217208
roc_63_126_252_w311,20,40,85,1648,0.4405339805825243,0.03547689875887334,-0.031766617441036094,178,0.3089887640449438,-0.09951063431836384,435,0.39770114942528734,-0.018183739023584333,433,0.418013856812933,0.021602610046035694,306,0.49673202614379086,0.09382677696730406,240,0.5625,0.16428119641930145,56,0.5357142857142857,0.11872181819408241
roc_63_126_252_w311,20,40,90,976,0.444672131147541,0.04285761260317478,-0.03420943164813822,112,0.2857142857142857,-0.08773396853708494,283,0.38162544169611307,-0.04048010260103199,255,0.47058823529411764,0.07024413945934127,164,0.5,0.10356337077968333,126,0.5714285714285714,0.20230867962196722,36,0.5555555555555556,0.07502581815412489
roc_63_126_252_w311,20,40,95,384,0.4322916666666667,0.07716096218636864,-0.037399809581404986,44,0.18181818181818182,-0.13759405494438257,107,0.37383177570093457,-0.012727814922080293,121,0.47107438016528924,0.09531244379422667,76,0.5,0.18542911620086117,33,0.6363636363636364,0.3474956881805148,3,0.6666666666666666,-0.0456136412171075
roc_63_126_252_w311,40,20,85,1691,0.43820224719101125,0.03795307596592845,-0.03605872055231707,177,0.2937853107344633,-0.11973040817843006,427,0.40749414519906324,-0.006185380252517956,423,0.41134751773049644,0.03879794320500843,328,0.4695121951219512,0.06457081881063778,279,0.5555555555555556,0.15246654638064283,57,0.5614035087719298,0.14001760898710952
roc_63_126_252_w311,40,20,90,1137,0.45030782761653476,0.05570848514804025,-0.03414361568493662,114,0.32456140350877194,-0.11280531572790259,294,0.40476190476190477,-0.01455591595361889,303,0.44224422442244227,0.058545603263445066,198,0.4393939393939394,0.06771769309770664,187,0.6149732620320856,0.24435617753342218,41,0.4878048780487805,0.08938102950638156
roc_63_126_252_w311,40,20,95,518,0.4864864864864865,0.09304011664194027,-0.01094484277359653,47,0.3404255319148936,-0.11194557083278797,149,0.4228187919463087,0.0064147909184630895,155,0.4774193548387097,0.08121281129444677,96,0.4895833333333333,0.14169706474424684,65,0.7384615384615385,0.40000263651595724,6,0.6666666666666666,0.04958595964057302
roc_63_126_252_w311,40,30,85,2528,0.4509493670886076,0.03285612241394796,-0.023724394633342527,291,0.3333333333333333,-0.08155400337477729,651,0.4500768049155146,-0.000437830764870849,593,0.3996627318718381,0.023946535365415703,471,0.46284501061571126,0.05245096994688901,432,0.5740740740740741,0.1416052163560268,90,0.5222222222222223,0.08027956878535639
roc_63_126_252_w311,40,30,90,1578,0.45944233206590623,0.048809553604985435,-0.02278617443424541,176,0.3181818181818182,-0.08575247071465225,418,0.4258373205741627,-0.014395058016332668,386,0.4378238341968912,0.048432959339220136,277,0.4620938628158845,0.058492672775374614,260,0.6346153846153846,0.2308980083410691,61,0.47540983606557374,0.051721339291792526
roc_63_126_252_w311,40,30,95,694,0.4668587896253602,0.07031458488892456,-0.028938302444264985,76,0.3157894736842105,-0.09763986801684013,204,0.4264705882352941,0.009168534423464898,192,0.453125,0.05921171457504496,127,0.4645669291338583,0.09657116348155018,85,0.7058823529411765,0.35496161847913543,10,0.7,0.04713974077353058
roc_63_126_252_w311,40,40,85,3496,0.46996567505720827,0.03217414025348888,-0.013724381462647761,408,0.35294117647058826,-0.06643718040951264,909,0.48514851485148514,0.006764762414745486,821,0.440925700365408,0.017702070320807575,624,0.46955128205128205,0.05248206563097506,595,0.5563025210084034,0.11431847910248344,139,0.5179856115107914,0.1299141191062244
roc_63_126_252_w311,40,40,90,2115,0.4619385342789598,0.040766179345840585,-0.01932472779701655,252,0.32936507936507936,-0.07204781324020544,564,0.44148936170212766,-0.012017790950319246,505,0.44554455445544555,0.0356889773901896,349,0.46418338108882523,0.05536619576099434,357,0.6106442577030813,0.18972549473799663,88,0.45454545454545453,0.06953344341776506
roc_63_126_252_w311,40,40,95,912,0.45723684210526316,0.06039353116411775,-0.02972203946088675,113,0.2920353982300885,-0.08844901434147895,267,0.45692883895131087,0.011635632879263958,249,0.40160642570281124,0.03065309151777615,163,0.49693251533742333,0.10962070405474242,103,0.6990291262135923,0.3092892685727046,17,0.5294117647058824,0.26302097849631156
roc_63_126_252_w123,10,20,85,75,0.6133333333333333,0.3499506554161341,0.07997311863715795,9,0.1111111111111111,-0.15148512979955137,11,0.2727272727272727,0.05077109064053222,24,0.75,0.3715070617035667,22,0.7727272727272727,0.6453133023874712,8,0.75,0.46553189121763827,1,1.0,0.21386606420909948
roc_63_126_252_w123,10,20,90,41,0.6341463414634146,0.38398916561661234,0.17298909277386598,6,0.0,-0.23391797455620453,5,0.2,-0.011256532924280527,12,0.8333333333333334,0.2625637621563478,14,0.7857142857142857,0.7090847592166557,3,1.0,1.3038428210404276,1,1.0,0.21386606420909948
roc_63_126_252_w123,10,20,95,22,0.6818181818181818,0.5180321165564304,0.20718846458430606,1,0.0,-0.0665272162452486,2,0.5,0.291019345856622,9,0.7777777777777778,0.17946309257314208,8,0.625,1.0633196437587906,1,1.0,0.503549048513336,1,1.0,0.2559210570315358
roc_63_126_252_w123,10,30,85,134,0.5,0.18912348885324595,-0.00013712824746958674,19,0.10526315789473684,-0.16908120873982901,26,0.38461538461538464,0.061017986791606825,44,0.5909090909090909,0.21095238701910696,28,0.7142857142857143,0.5021699297241342,15,0.5333333333333333,0.2372616847598636,2,0.5,0.03351724164775938
roc_63_126_252_w123,10,30,90,67,0.5223880597014925,0.20605588078809203,0.012771067420686899,8,0.0,-0.2258596769374558,12,0.3333333333333333,0.0019854913023198326,22,0.6363636363636364,0.10365255450305763,17,0.7647058823529411,0.6079925918970618,7,0.42857142857142855,0.3940998867353653,1,1.0,0.21386606420909948
roc_63_126_252_w123,10,30,95,29,0.6896551724137931,0.5010756569531816,0.2298778490443094,1,0.0,-0.0665272162452486,4,0.5,0.4020682703541737,10,0.8,0.24212695147365118,12,0.6666666666666666,0.8173923805157864,1,1.0,0.503549048513336,1,1.0,0.2559210570315358
roc_63_126_252_w123,10,40,85,222,0.47297297297297297,0.12421502661786749,-0.014151941537926649,26,0.07692307692307693,-0.17332247948960605,45,0.37777777777777777,0.029095540495012256,77,0.5324675324675324,0.11141847346403524,41,0.7073170731707317,0.4052969577098526,27,0.5555555555555556,0.23146710029677614,6,0.16666666666666666,-0.11219806287113897
roc_63_126_252_w123,10,40,90,101,0.504950495049505,0.1710634790940196,0.00017422339498818218,10,0.0,-0.208787899810506,20,0.4,0.033788531046725724,38,0.5526315789473685,0.11436674038366723,20,0.7,0.5167823689182585,12,0.5833333333333334,0.3161725157094086,1,1.0,0.21386606420909948
roc_63_126_252_w123,10,40,95,38,0.6578947368421053,0.4340592557135769,0.17822809317013144,4,0.0,-0.14443729800672833,7,0.5714285714285714,0.22950409403003633,12,0.8333333333333334,0.34617191164696376,13,0.6923076923076923,0.8116876312018573,1,1.0,0.503549048513336,1,1.0,0.2559210570315358
roc_63_126_252_w123,20,20,85,200,0.49,0.1770490427493455,-0.0075939432577331045,24,0.125,-0.16045759944527646,37,0.35135135135135137,0.05180421220532263,74,0.5135135135135135,0.13503164251652064,40,0.65,0.4928070482400505,23,0.7391304347826086,0.3420703713080168,2,0.5,-0.11410346547506778
roc_63_126_252_w123,20,20,90,112,0.5178571428571429,0.24612815378812797,0.01984417230404023,19,0.05263157894736842,-0.19360181529733092,16,0.5,0.13315385595318005,44,0.5681818181818182,0.1520535331673035,21,0.6666666666666666,0.6361289695956927,10,0.9,0.922760930755641,2,0.5,-0.0811735543792837
roc_63_126_252_w123,20,20,95,60,0.6333333333333333,0.4460018558737568,0.19441650765324714,6,0.0,-0.16415054151951164,5,0.6,0.5359284369752445,25,0.68,0.21331449258338633,17,0.6470588235294118,0.7366287247809051,4,1.0,1.6329734363794446,3,1.0,0.2259760117628092
roc_63_126_252_w123,20,30,85,347,0.46397694524495675,0.10110702975136021,-0.024524108920816357,39,0.1282051282051282,-0.15666147767422914,78,0.41025641025641024,0.006127731459840728,110,0.4818181818181818,0.06725902952559636,63,0.5873015873015873,0.3225031698141765,48,0.6666666666666666,0.2702533277388261,9,0.2222222222222222,0.0030690246196649
roc_63_126_252_w123,20,30,90,175,0.49142857142857144,0.1471436951210878,-0.017681652915240154,26,0.07692307692307693,-0.1782385373109505,33,0.5151515151515151,0.09240737908865106,63,0.5079365079365079,0.08297162716960975,32,0.6875,0.4426354094907314,19,0.631578947368421,0.4266161368273336,2,0.5,-0.0811735543792837
roc_63_126_252_w123,20,30,95,84,0.6071428571428571,0.3229681208305251,0.12615649177982213,8,0.125,-0.10991532401404618,12,0.5833333333333334,0.22033773148964167,33,0.6363636363636364,0.14330595645195363,23,0.6521739130434783,0.5862914367704336,5,0.8,1.294572864015582,3,1.0,0.2259760117628092
roc_63_126_252_w123,20,40,85,611,0.47299509001636664,0.07828955451957477,-0.013024459163534785,71,0.18309859154929578,-0.12872696069070963,135,0.42962962962962964,0.00489764204166894,188,0.4521276595744681,0.01295276320050638,114,0.631578947368421,0.2411646717780198,89,0.6404494382022472,0.29533582201342573,14,0.2857142857142857,0.0188175170392401
roc_63_126_252_w123,20,40,90,284,0.4859154929577465,0.10204033986974481,-0.009214162659380687,38,0.07894736842105263,-0.17161112699676975,58,0.46551724137931033,0.03706531266560666,98,0.5,0.04779357474855097,56,0.6607142857142857,0.3102947421970598,31,0.6774193548387096,0.38728149755426955,3,0.3333333333333333,-0.16895223198959772
roc_63_126_252_w123,20,40,95,130,0.5769230769230769,0.22312728487853412,0.074605839247606,13,0.15384615384615385,-0.10176745329861502,20,0.55,0.13366838813990645,46,0.5434782608695652,0.09045988656675752,37,0.6756756756756757,0.40240032053004365,11,0.8181818181818182,0.720751044302038,3,1.0,0.2259760117628092
roc_63_126_252_w123,40,20,85,527,0.46110056925996207,0.08726813705286689,-0.023662628267644203,48,0.25,-0.13447948500327997,100,0.35,-0.014744179693413047,170,0.4294117647058823,0.05034675600412121,117,0.5128205128205128,0.196787056280684,79,0.7215189873417721,0.26555850696110705,13,0.46153846153846156,0.11285417231687087
roc_63_126_252_w123,40,20,90,284,0.4295774647887324,0.08696164452893618,-0.04788236030929194,40,0.2,-0.15877676881939196,43,0.37209302325581395,0.003782438018002712,112,0.4642857142857143,0.0644916412587475,56,0.48214285714285715,0.24782736589242846,28,0.6071428571428571,0.36514107407661456,5,0.4,-0.05578953990359923
roc_63_126_252_w123,40,20,95,140,0.5857142857142857,0.25848611298875046,0.08955689541722323,15,0.4,-0.024798988401649232,16,0.4375,0.10727647802563894,55,0.5818181818181818,0.10917808425852667,41,0.6097560975609756,0.4105790137777982,9,1.0,1.2706816965006824,4,0.75,0.14223688210618482
roc_63_126_252_w123,40,30,85,910,0.4868131868131868,0.0738837623860525,-0.005018260477768877,115,0.22608695652173913,-0.12897332306588755,186,0.44623655913978494,-0.0005460150159518008,244,0.48360655737704916,0.03695976519675737,169,0.5266272189349113,0.1596067141879033,171,0.6842105263157895,0.26353090498248144,25,0.4,0.04791742043539776
roc_63_126_252_w123,40,30,90,467,0.46466809421841543,0.07903172265818086,-0.023993135955801104,67,0.23880597014925373,-0.1535101460447858,91,0.45054945054945056,0.03003632468056189,151,0.4768211920529801,0.042875038119018764,92,0.5217391304347826,0.1951623100774397,58,0.6206896551724138,0.31582208856064564,8,0.5,0.2286343610306892
roc_63_126_252_w123,40,30,95,198,0.5555555555555556,0.21499811770972757,0.056576085721058655,21,0.3333333333333333,-0.04920032913529804,35,0.5428571428571428,0.0835455565491128,69,0.5217391304347826,0.07861634565160133,52,0.5769230769230769,0.32337819197280204,17,0.8823529411764706,1.0511528457751427,4,0.75,0.14223688210618482
roc_63_126_252_w123,40,40,85,1432,0.48743016759776536,0.06447693767471645,-0.004826098652451316,178,0.23595505617977527,-0.10932881386759323,296,0.47635135135135137,0.006196648098454087,404,0.4628712871287129,0.011329665437057643,240,0.5416666666666666,0.13344956031160404,260,0.6538461538461539,0.22516791393698013,54,0.5185185185185185,0.27806438360042024
roc_63_126_252_w123,40,40,90,701,0.47218259629101283,0.07194720257094064,-0.015550042357727167,102,0.22549019607843138,-0.13225449954675955,146,0.4178082191780822,0.015765232988107454,219,0.5068493150684932,0.027064104245121085,124,0.5483870967741935,0.17377956099613576,94,0.6170212765957447,0.26513883705310276,16,0.625,0.5828938263728978
roc_63_126_252_w123,40,40,95,285,0.5017543859649123,0.1468430744510041,0.0014124547474446691,37,0.3783783783783784,-0.04548457333195739,59,0.4406779661016949,0.0328362969160158,92,0.5,0.053414974755751195,62,0.5645161290322581,0.2971157675457344,31,0.6129032258064516,0.570695519999493,4,0.75,0.14223688210618482
roc_50_100_200_w211,10,20,85,292,0.4897260273972603,0.16398443768064547,-0.0067007978925480716,33,0.30303030303030304,-0.16438610422441746,66,0.3181818181818182,-0.03694014174735159,74,0.527027027027027,0.2284435820408698,70,0.5714285714285714,0.37152059248918073,40,0.675,0.27455290384992626,9,0.6666666666666666,0.2058737664683779
roc_50_100_200_w211,10,20,90,190,0.45789473684210524,0.18535756978938844,-0.028067219329194315,23,0.30434782608695654,-0.1694857213064547,45,0.28888888888888886,-0.03516148260850629,58,0.5344827586206896,0.26962020009134546,43,0.4883720930232558,0.40099525544552045,18,0.7222222222222222,0.3995951536343817,3,0.6666666666666666,0.20829873751358483
roc_50_100_200_w211,10,20,95,85,0.4588235294117647,0.18817307443399384,-0.056967190421733815,10,0.3,-0.1868896077439602,23,0.34782608695652173,-0.0009520729955628225,25,0.56,0.4126606883149333,21,0.47619047619047616,0.3058915715625366,5,0.6,0.18627976166626467,1,1.0,0.21386606420909948
roc_50_100_200_w211,10,30,85,516,0.47093023255813954,0.09999126077533048,-0.0201088367401816,59,0.288135593220339,-0.1617383113099706,130,0.36153846153846153,-0.03277829551842467,123,0.4715447154471545,0.11910057605905362,119,0.5462184873949579,0.25845222723584327,68,0.7058823529411765,0.2878689852330397,17,0.47058823529411764,0.02464426191637467
roc_50_100_200_w211,10,30,90,310,0.45161290322580644,0.10828904446104687,-0.040721694060071256,39,0.3076923076923077,-0.17007770207128955,82,0.3902439024390244,-0.02861171640403588,82,0.47560975609756095,0.17917997774553998,70,0.45714285714285713,0.26678413149599406,30,0.7,0.29997470574360857,7,0.5714285714285714,0.025986622381949962
roc_50_100_200_w211,10,30,95,132,0.4166666666666667,0.12218953565061642,-0.08102575214319785,17,0.35294117647058826,-0.16329436652646598,33,0.30303030303030304,-0.06103462374342705,39,0.46153846153846156,0.24509880190466093,34,0.4411764705882353,0.256124059703901,8,0.625,0.3047785189926095,1,1.0,0.21386606420909948
roc_50_100_200_w211,10,40,85,856,0.4602803738317757,0.06590708736126409,-0.019714232557386024,94,0.32978723404255317,-0.1041105396735258,248,0.3951612903225806,-0.0263630719270491,195,0.4461538461538462,0.06534098690449376,181,0.5138121546961326,0.17228449693339015,109,0.6422018348623854,0.2524970748486896,29,0.5172413793103449,0.041429711701595914
roc_50_100_200_w211,10,40,90,460,0.45,0.06993445267875147,-0.03422292045586994,52,0.3269230769230769,-0.14615300131828657,137,0.4233576642335766,-0.02598540114900573,117,0.4358974358974359,0.10103203754655621,95,0.4631578947368421,0.1981667060073067,50,0.64,0.2509131830143554,9,0.5555555555555556,0.015284404870153158
roc_50_100_200_w211,10,40,95,174,0.41379310344827586,0.1033174677733491,-0.07804731799319992,20,0.35,-0.14795181348504177,45,0.37777777777777777,-0.009745198626034148,48,0.4166666666666667,0.16511804748922457,48,0.4166666666666667,0.18963119108892443,12,0.5833333333333334,0.34441500703957223,1,1.0,0.21386606420909948
roc_50_100_200_w211,20,20,85,808,0.49504950495049505,0.09576959727951377,-0.004813455758859386,73,0.3835616438356164,-0.10206791046566156,201,0.40298507462686567,-0.008088290972179234,220,0.4590909090909091,0.06295591452581198,157,0.5605095541401274,0.21796753397686755,119,0.680672268907563,0.314295090970145,38,0.5526315789473685,0.03170379445907855
roc_50_100_200_w211,20,20,90,528,0.4715909090909091,0.10376102362359159,-0.024334394460442943,51,0.3333333333333333,-0.13617402852976232,132,0.4090909090909091,0.004674154293881298,156,0.4358974358974359,0.07505824554703015,105,0.49523809523809526,0.2228009674769105,69,0.7101449275362319,0.35493664607399283,15,0.6,0.10132607279760635
roc_50_100_200_w211,20,20,95,250,0.456,0.10427303182388319,-0.04084253461849158,25,0.32,-0.1675413925342062,62,0.2903225806451613,-0.05267786286979893,83,0.5060240963855421,0.15604516595475998,55,0.45454545454545453,0.19995153674119107,23,0.8260869565217391,0.38682109976362755,2,1.0,0.3384258388397322
roc_50_100_200_w211,20,30,85,1327,0.4717407686510927,0.06954666852410482,-0.01796661537661648,128,0.3671875,-0.08014414042763628,364,0.3983516483516483,-0.0036117067474378713,321,0.4517133956386293,0.04453115542717109,257,0.5175097276264592,0.14429081405579638,193,0.6580310880829016,0.27316646229351743,64,0.453125,-0.0005188620476427874
roc_50_100_200_w211,20,30,90,789,0.46387832699619774,0.08308918635795617,-0.024410445319149154,82,0.35365853658536583,-0.10871816047980078,217,0.423963133640553,-0.004670486783524529,216,0.4074074074074074,0.041709960922071146,142,0.49295774647887325,0.18223303561273832,107,0.6915887850467289,0.35582554217628154,25,0.52,0.10103908795030353
roc_50_100_200_w211,20,30,95,356,0.4410112359550562,0.07912254300123818,-0.04084253461849158,36,0.3333333333333333,-0.1368000532161397,101,0.3465346534653465,-0.043932827847628524,110,0.43636363636363634,0.09172224496290227,72,0.4444444444444444,0.1981378076552472,34,0.8235294117647058,0.37680656283891306,3,0.6666666666666666,0.12095020107073307
roc_50_100_200_w211,20,40,85,2029,0.4499753573188763,0.0429621814361006,-0.022380860088134336,221,0.334841628959276,-0.0721552625190374,575,0.4156521739130435,-0.0034211511003593,432,0.4305555555555556,0.02251000692584779,414,0.46618357487922707,0.08863202626948653,302,0.6026490066225165,0.1913858667704238,85,0.4588235294117647,0.013983281815870807
roc_50_100_200_w211,20,40,90,1132,0.4549469964664311,0.0588873216433909,-0.02778533239593317,120,0.3333333333333333,-0.09661172535726475,326,0.4386503067484663,-0.00464904520894645,277,0.4007220216606498,0.02201539244301163,214,0.5,0.1484639026726132,156,0.5897435897435898,0.24961694641202817,39,0.5641025641025641,0.0758887528814611
roc_50_100_200_w211,20,40,95,475,0.42736842105263156,0.0670076890438447,-0.043697826372504855,56,0.30357142857142855,-0.12840279317574027,138,0.34057971014492755,-0.037837913877137995,131,0.4351145038167939,0.07221835078358152,96,0.4583333333333333,0.18089709523996503,50,0.72,0.3453397549950323,4,0.5,-0.014338140206735933
roc_50_100_200_w211,40,20,85,2022,0.4713155291790307,0.054161405613307415,-0.015525699044456609,217,0.4009216589861751,-0.05847587153711267,500,0.42,-0.006147702503210077,445,0.44269662921348313,0.029312050624454883,390,0.45897435897435895,0.09387223708495997,389,0.6143958868894601,0.1854039456352898,81,0.5061728395061729,0.04552003123577737
roc_50_100_200_w211,40,20,90,1319,0.4586808188021228,0.06714502165995545,-0.023911898875643545,126,0.373015873015873,-0.09102536056243359,359,0.4206128133704735,-0.0011456974943196223,312,0.40064102564102566,0.02934670631728615,231,0.4588744588744589,0.11559689745968578,239,0.6150627615062761,0.2352612206554287,52,0.5576923076923077,0.15942319732358007
roc_50_100_200_w211,40,20,95,635,0.4881889763779528,0.1161915472330933,-0.008706622239409212,62,0.3387096774193548,-0.11000945261585963,177,0.4067796610169492,0.014349870262731136,167,0.4431137724550898,0.07595827520661409,126,0.47619047619047616,0.1739356216597586,95,0.8210526315789474,0.4240717669005421,8,0.625,0.39681917181356313
roc_50_100_200_w211,40,30,85,2979,0.46324269889224573,0.03669825819598744,-0.014867901272425432,334,0.41317365269461076,-0.040977566291288355,784,0.44005102040816324,-0.002449661072802888,627,0.43221690590111644,0.009241598982588152,588,0.445578231292517,0.06244849896632166,517,0.5957446808510638,0.15733949976413963,129,0.43410852713178294,0.009627828722474394
roc_50_100_200_w211,40,30,90,1895,0.46754617414248023,0.054679909527936096,-0.020058194259023665,203,0.39408866995073893,-0.057878572047303914,513,0.4522417153996101,-0.001240220359683985,435,0.3954022988505747,0.006597262121875447,351,0.46438746438746437,0.09570458922727662,317,0.6246056782334385,0.2172252399384902,76,0.5394736842105263,0.13770589192367438
roc_50_100_200_w211,40,30,95,886,0.47404063205417607,0.08624370354086494,-0.01340131099812264,100,0.35,-0.08322502281037211,259,0.4247104247104247,0.004585039210080516,219,0.4200913242009132,0.05140041001075715,168,0.48214285714285715,0.13589835950502,125,0.76,0.36936141729852284,15,0.4666666666666667,0.2083859855104395
roc_50_100_200_w211,40,40,85,4181,0.4592202822291318,0.025719041957677595,-0.01643658196677289,489,0.4049079754601227,-0.034428723647171255,1119,0.4673815907059875,0.004218634293320529,876,0.432648401826484,0.001329389183384649,826,0.42857142857142855,0.04124721345545627,698,0.5659025787965616,0.12055261626586622,173,0.41040462427745666,0.002186567321904818
roc_50_100_200_w211,40,40,90,2554,0.46123727486296007,0.04037795271451873,-0.02335336617935324,298,0.40604026845637586,-0.04543290202439104,696,0.47844827586206895,0.00892999188844328,558,0.3835125448028674,-0.009161497311615256,481,0.4553014553014553,0.07429451948981318,414,0.5748792270531401,0.16733380134869216,107,0.4953271028037383,0.09495672678835582
roc_50_100_200_w211,40,40,95,1091,0.45646196150320806,0.07171108037525704,-0.023057591863228366,134,0.35074626865671643,-0.07004585086241422,319,0.4043887147335423,0.005207839171098673,258,0.42248062015503873,0.04244553257742799,217,0.4700460829493088,0.11686489649663664,144,0.7222222222222222,0.3322787182218694,19,0.3684210526315789,0.08801953405966578
roc_40_80_160_w211,10,20,85,409,0.46454767726161367,0.11432310300985019,-0.017024533485682225,47,0.19148936170212766,-0.19832728873821148,103,0.36893203883495146,-0.05030880151753645,106,0.5094339622641509,0.16055718414574985,91,0.5714285714285714,0.32534077390766447,49,0.5714285714285714,0.24866314294582637,13,0.6923076923076923,0.18859786989526722
roc_40_80_160_w211,10,20,90,252,0.4365079365079365,0.1352407420481411,-0.037649531832149086,36,0.16666666666666666,-0.21567888039628955,63,0.38095238095238093,-0.011962572679490033,68,0.4411764705882353,0.18819065135626625,56,0.5535714285714286,0.42164781841569676,23,0.6086956521739131,0.22487235357355995,6,0.8333333333333334,0.16957375225147428
roc_40_80_160_w211,10,20,95,127,0.36220472440944884,0.15993180659294168,-0.1360962941817857,22,0.09090909090909091,-0.26482413604085053,37,0.32432432432432434,-0.08238294779758495,33,0.3939393939393939,0.21536149293446738,27,0.5555555555555556,0.7769606490042666,7,0.42857142857142855,0.06946183907122704,1,1.0,0.6145398352617415
roc_40_80_160_w211,10,30,85,708,0.481638418079096,0.09191178035781265,-0.009284871577709408,90,0.28888888888888886,-0.12338114423056924,185,0.41621621621621624,-0.0227605829001583,160,0.5125,0.10947829446618511,144,0.5347222222222222,0.2174896902689626,103,0.6407766990291263,0.2761364464771893,26,0.5,0.11526086334166043
roc_40_80_160_w211,10,30,90,433,0.45496535796766746,0.09880120630333052,-0.020296935140469874,62,0.25806451612903225,-0.12537304976986935,113,0.4247787610619469,-0.0027405373434005445,100,0.43,0.12057378170074756,99,0.5353535353535354,0.2648023018335235,45,0.7111111111111111,0.3018486635998695,14,0.35714285714285715,-0.07812896588258303
roc_40_80_160_w211,10,30,95,192,0.390625,0.1375977646171888,-0.0814772763753906,32,0.125,-0.18559832963330536,56,0.3392857142857143,-0.0758468838586603,46,0.3695652173913043,0.15033195238508318,39,0.5641025641025641,0.6134292224041299,17,0.7058823529411765,0.29143627376398434,2,0.5,0.29923603245626196
roc_40_80_160_w211,10,40,85,1150,0.4791304347826087,0.06696980773568227,-0.008395644955991988,141,0.3191489361702128,-0.09813679138643865,308,0.4318181818181818,-0.011595562633839948,248,0.47580645161290325,0.05506269720245533,235,0.5276595744680851,0.17153453430654636,174,0.6264367816091954,0.2107040169857414,44,0.5,0.08746813812104905
roc_40_80_160_w211,10,40,90,628,0.46178343949044587,0.07571464045385248,-0.01811290122274012,83,0.2891566265060241,-0.11638861465258749,170,0.4294117647058823,0.0010095794101015224,137,0.41605839416058393,0.06981174032951236,139,0.539568345323741,0.2205713641746619,77,0.6753246753246753,0.22491072142020097,22,0.4090909090909091,-0.02631990610697964
roc_40_80_160_w211,10,40,95,263,0.42585551330798477,0.11365986053540343,-0.05053923923237036,37,0.1891891891891892,-0.1729500654860794,82,0.3780487804878049,-0.0388020745928918,54,0.4074074074074074,0.1307774229638691,57,0.49122807017543857,0.4173713108773836,29,0.7586206896551724,0.2820165285772246,4,0.5,0.0344792753393173
roc_40_80_160_w211,20,20,85,1146,0.4965095986038394,0.08790624641542134,-0.0010660006730418559,141,0.3971631205673759,-0.0963041520821296,282,0.44680851063829785,0.000536501476238688,283,0.47703180212014135,0.0715205133850142,231,0.5108225108225108,0.16651692092363363,163,0.6441717791411042,0.2625914958972547,46,0.6304347826086957,0.275217881886585
roc_40_80_160_w211,20,20,90,756,0.48677248677248675,0.10031033675389261,-0.008961682415184802,96,0.3645833333333333,-0.1028199329355609,190,0.45263157894736844,0.034228546285988454,188,0.43617021276595747,0.0680966538112254,158,0.5316455696202531,0.21346304743267094,94,0.6808510638297872,0.298957620012673,30,0.5666666666666667,0.15235185537850665
roc_40_80_160_w211,20,20,95,366,0.42896174863387976,0.10221506862596207,-0.057226826328152625,54,0.24074074074074073,-0.14453645832657663,90,0.4111111111111111,0.0025171760725641104,101,0.33663366336633666,0.03919729236381401,76,0.5263157894736842,0.37064455919247663,40,0.75,0.295785397669804,5,0.6,0.20596181720817527
roc_40_80_160_w211,20,30,85,1856,0.4822198275862069,0.06230024037119864,-0.008544861369268908,232,0.33620689655172414,-0.09892273023163928,489,0.45807770961145194,0.002683219977174959,424,0.46226415094339623,0.04947179154356196,346,0.49710982658959535,0.13093513876603324,285,0.6385964912280702,0.20752315900698398,80,0.5375,0.14836894883982468
roc_40_80_160_w211,20,30,90,1165,0.47124463519313303,0.0703499628100058,-0.016498951287920782,153,0.3137254901960784,-0.09733110780621108,309,0.44660194174757284,0.009577418618316317,278,0.4244604316546763,0.04014310483632219,225,0.5022222222222222,0.16287581908004453,156,0.7115384615384616,0.27256611619458315,44,0.4772727272727273,0.07959124333847854
roc_40_80_160_w211,20,30,95,531,0.423728813559322,0.07794895561451642,-0.05448327428637245,74,0.20270270270270271,-0.14430944850395788,143,0.3986013986013986,-0.006972382382582712,131,0.33587786259541985,0.030329868648313087,112,0.5267857142857143,0.2790650857261613,62,0.7419354838709677,0.27064272831651215,9,0.4444444444444444,0.09873900838148952
roc_40_80_160_w211,20,40,85,2739,0.48886454910551297,0.055985557516391456,-0.004826926225458106,316,0.36075949367088606,-0.07764660682457965,734,0.4877384196185286,0.016416341918951863,616,0.4577922077922078,0.033477990604793714,533,0.48592870544090055,0.10167479106150283,429,0.6247086247086248,0.18693313638415013,111,0.5225225225225225,0.10114874087134224
roc_40_80_160_w211,20,40,90,1618,0.46909765142150806,0.056997632427588325,-0.013952684283895733,201,0.2935323383084577,-0.09594728725344012,435,0.46206896551724136,0.014110075932729393,365,0.4191780821917808,0.023282312964983332,325,0.5076923076923077,0.13316413088801093,233,0.6609442060085837,0.21569705731087158,59,0.4576271186440678,0.05508669047113311
roc_40_80_160_w211,20,40,95,683,0.4216691068814056,0.05924553526367553,-0.051125611297768936,88,0.20454545454545456,-0.13618374309563816,190,0.4105263157894737,-0.009013245394781513,162,0.32098765432098764,0.004434595730378824,142,0.4788732394366197,0.20361586752121671,88,0.7386363636363636,0.26247017298554004,13,0.5384615384615384,0.09966431708741993
roc_40_80_160_w211,40,20,85,2790,0.4910394265232975,0.056755984612155044,-0.002842820408783142,330,0.4393939393939394,-0.042102331084784804,718,0.49025069637883006,0.01151512257276637,589,0.4363327674023769,0.03547572384846072,539,0.4489795918367347,0.08169218504161467,484,0.628099173553719,0.17554432049418756,130,0.5384615384615384,0.11098792624241796
roc_40_80_160_w211,40,20,90,1944,0.4799382716049383,0.06024877398319674,-0.011609231189817826,251,0.41434262948207173,-0.050476751817200266,496,0.47580645161290325,0.022841108584836407,411,0.40389294403892945,0.019188445678786557,386,0.4689119170984456,0.09530461207597907,318,0.6352201257861635,0.2044527053784495,82,0.5365853658536586,0.10654502512583394
roc_40_80_160_w211,40,20,95,1049,0.45757864632983797,0.06827057642354684,-0.033077400101355736,143,0.3706293706293706,-0.055696013701905404,280,0.3892857142857143,-0.01817563497356489,230,0.39565217391304347,0.04552970863420765,217,0.4608294930875576,0.1307993295334199,148,0.7364864864864865,0.26264459728882955,31,0.5806451612903226,0.22598010580691874
roc_40_80_160_w211,40,30,85,4144,0.4799710424710425,0.043608629754281196,-0.008544861369268908,499,0.4028056112224449,-0.043881700672477306,1124,0.5062277580071174,0.017402445048845087,862,0.41879350348027844,0.016481714380609608,787,0.4383735705209657,0.05738551735702556,675,0.6148148148148148,0.16197655982924972,197,0.49746192893401014,0.07549495995475546
roc_40_80_160_w211,40,30,90,2790,0.4777777777777778,0.04639891942830312,-0.011567763141131837,377,0.3793103448275862,-0.05688227467609639,731,0.5006839945280438,0.021786159372738916,599,0.3973288814691152,0.0045680918456318656,516,0.45155038759689925,0.07194675245617176,449,0.6458797327394209,0.1897206611293848,118,0.5338983050847458,0.08721176980345201
roc_40_80_160_w211,40,30,95,1408,0.4552556818181818,0.06407447413984715,-0.030023833137486133,192,0.3385416666666667,-0.060594112639374344,391,0.41687979539641945,-0.009369490770450115,302,0.41721854304635764,0.03502167138303822,280,0.45714285714285713,0.10422791780636119,200,0.68,0.2728003342546894,43,0.5348837209302325,0.2578427215432562
roc_40_80_160_w211,40,40,85,5529,0.48236570808464463,0.03914695130517263,-0.006854515342200329,673,0.3967310549777117,-0.03734670481732099,1444,0.5290858725761773,0.026550382182137712,1146,0.42757417102966844,0.008889181725857308,1115,0.4484304932735426,0.04903505940563454,886,0.5857787810383747,0.13879441142868346,265,0.47924528301886793,0.05956250254040842
roc_40_80_160_w211,40,40,90,3565,0.4816269284712483,0.04218722773279633,-0.008341113856452642,451,0.3858093126385809,-0.051777990963155274,920,0.5152173913043478,0.02817995629121298,747,0.3908969210174029,-0.00807176403738304,704,0.46448863636363635,0.06579516439749816,588,0.6292517006802721,0.16476758962549354,155,0.5161290322580645,0.07164468008823202
roc_40_80_160_w211,40,40,95,1717,0.46010483401281305,0.05784162767803203,-0.024494655016695566,234,0.36752136752136755,-0.04399829763943403,471,0.42250530785562634,-0.007212590251368121,356,0.3960674157303371,0.017616720209197224,345,0.463768115942029,0.08777692685616766,254,0.6811023622047244,0.2559507608654506,57,0.543859649122807,0.1994821600355075
ibd_roc_63_126_189_252_w2111,10,20,85,137,0.45985401459854014,0.08053000414716417,-0.04276739438877131,17,0.23529411764705882,-0.2064330964947603,33,0.30303030303030304,-0.0822083093779203,44,0.6136363636363636,0.18956643074825627,28,0.5357142857142857,0.33327388857316,14,0.42857142857142855,-0.04511503422407635,1,1.0,0.21386606420909948
ibd_roc_63_126_189_252_w2111,10,20,90,88,0.4772727272727273,0.06857918244383887,-0.03278809616628148,11,0.18181818181818182,-0.23711781405025362,19,0.3157894736842105,-0.08922738000667936,30,0.6,0.11733154297512724,20,0.6,0.3300007228572799,7,0.42857142857142855,0.0006796313041433276,1,1.0,0.21386606420909948
ibd_roc_63_126_189_252_w2111,10,20,95,37,0.40540540540540543,-0.020989525427491607,-0.11196492788900514,3,0.0,-0.2670090006070266,8,0.25,-0.14602760917321506,13,0.38461538461538464,-0.30419923265335913,9,0.6666666666666666,0.5234090011455836,3,0.3333333333333333,0.07422612812130865,1,1.0,0.21386606420909948
ibd_roc_63_126_189_252_w2111,10,30,85,232,0.4698275862068966,0.07568899564064438,-0.029314944624076078,26,0.2692307692307692,-0.14435877591313073,56,0.2857142857142857,-0.07315775859224703,73,0.5753424657534246,0.15377250269323753,48,0.5416666666666666,0.2394553409413607,27,0.5925925925925926,0.09065046784392405,2,1.0,0.12159897497955974
ibd_roc_63_126_189_252_w2111,10,30,90,147,0.4965986394557823,0.11753985316803692,-0.02002403901321803,16,0.1875,-0.17346870517163812,32,0.3125,-0.03653178377270371,55,0.6181818181818182,0.14882203946553232,30,0.6,0.37255654936899685,13,0.5384615384615384,0.12670000486852842,1,1.0,0.21386606420909948
ibd_roc_63_126_189_252_w2111,10,30,95,59,0.4576271186440678,0.041141458915465084,-0.05902942543986778,7,0.0,-0.21440213057853352,13,0.38461538461538464,-0.08632468565904473,19,0.47368421052631576,-0.10081601743177265,15,0.6666666666666666,0.36304726992875563,4,0.5,0.3265777804232507,1,1.0,0.21386606420909948
ibd_roc_63_126_189_252_w2111,10,40,85,349,0.47277936962750716,0.06928248500964765,-0.012042534545119832,39,0.358974358974359,-0.10897392378745116,85,0.29411764705882354,-0.051784744570769606,101,0.5247524752475248,0.11322362869773664,76,0.5657894736842105,0.21173588535836285,38,0.5789473684210527,0.09288613161026457,10,0.8,0.17740867976960142
ibd_roc_63_126_189_252_w2111,10,40,90,200,0.495,0.12246202760271392,-0.0035387309062639982,21,0.23809523809523808,-0.14682983599864358,47,0.3617021276595745,0.03031846223360626,67,0.582089552238806,0.13419639895629207,42,0.5714285714285714,0.33206917215204124,22,0.5909090909090909,0.1363151966758365,1,1.0,0.21386606420909948
ibd_roc_63_126_189_252_w2111,10,40,95,78,0.4230769230769231,0.07220455343202827,-0.04160819947316191,7,0.0,-0.21440213057853352,17,0.35294117647058826,0.0057141763196956385,23,0.43478260869565216,-0.06824582575619957,21,0.5238095238095238,0.2929156625306024,9,0.5555555555555556,0.24890978881710613,1,1.0,0.21386606420909948
ibd_roc_63_126_189_252_w2111,20,20,85,378,0.47354497354497355,0.10005927628229278,-0.03426462397741714,34,0.2647058823529412,-0.17550909042307627,96,0.3645833333333333,0.005177073833806174,119,0.4957983193277311,0.1427724964362372,79,0.5569620253164557,0.1802359572296377,44,0.6590909090909091,0.2787607842421806,6,0.5,-0.03355429711061222
ibd_roc_63_126_189_252_w2111,20,20,90,204,0.5294117647058824,0.16355370029190036,0.01150073472082197,17,0.17647058823529413,-0.1923319392960044,41,0.3902439024390244,0.03975504242897543,82,0.5609756097560976,0.14936533434533264,43,0.6046511627906976,0.26375895904971197,20,0.8,0.5600591184163879,1,1.0,0.21386606420909948
ibd_roc_63_126_189_252_w2111,20,20,95,90,0.45555555555555555,0.08578695819987317,-0.05273100372457118,5,0.0,-0.26611386260032494,17,0.29411764705882354,-0.1267385152301876,38,0.47368421052631576,0.08121151853963146,24,0.5833333333333334,0.24479844062499936,5,0.6,0.40617679323766404,1,1.0,0.21386606420909948
ibd_roc_63_126_189_252_w2111,20,30,85,593,0.47892074198988194,0.07967126371764252,-0.02173863298322698,61,0.3114754098360656,-0.12147212471958789,160,0.35,-0.021112533596098416,173,0.47398843930635837,0.09318509338959731,111,0.5945945945945946,0.18880622410828038,75,0.68,0.23254149842100286,13,0.7692307692307693,0.2702876887567658
ibd_roc_63_126_189_252_w2111,20,30,90,329,0.5197568389057751,0.12200096346347765,0.006555686091406887,36,0.3611111111111111,-0.06727863253547138,70,0.3142857142857143,-0.02613038909267821,122,0.5573770491803278,0.11670567857446588,63,0.6190476190476191,0.2503123270676962,36,0.75,0.3746742468180362,2,1.0,0.4467163552247948
ibd_roc_63_126_189_252_w2111,20,30,95,123,0.4796747967479675,0.08088130524225498,-0.017681652915240154,8,0.0,-0.20477384239238983,26,0.34615384615384615,-0.0698937418647009,48,0.4583333333333333,0.06733226509197034,29,0.6551724137931034,0.24457989556807952,11,0.7272727272727273,0.26047243748370236,1,1.0,0.21386606420909948
ibd_roc_63_126_189_252_w2111,20,40,85,900,0.47555555555555556,0.06509432020187203,-0.010390629451695332,96,0.3541666666666667,-0.08496486846043734,231,0.36796536796536794,-0.0034137927492574683,245,0.47346938775510206,0.05952638622413829,173,0.5664739884393064,0.1643252147624782,126,0.6031746031746031,0.16973197578249777,29,0.6551724137931034,0.11140954641753638
ibd_roc_63_126_189_252_w2111,20,40,90,491,0.5030549898167006,0.10018687692635628,0.0016099040003902942,50,0.36,-0.058998042781589106,116,0.41379310344827586,0.029751982980718586,157,0.4968152866242038,0.06374185871315288,95,0.5473684210526316,0.21677021311538225,60,0.6833333333333333,0.2727076082006979,13,0.7692307692307693,0.13287154832221795
ibd_roc_63_126_189_252_w2111,20,40,95,171,0.4269005847953216,0.056197968474186975,-0.04769495988126504,12,0.0,-0.18770331658639364,38,0.34210526315789475,-0.012056066386903666,62,0.3870967741935484,0.0005331439264501132,37,0.5675675675675675,0.1875620139011347,20,0.65,0.2450970456351297,2,1.0,0.2228162901702766
ibd_roc_63_126_189_252_w2111,40,20,85,900,0.47333333333333333,0.07736818787243875,-0.018882985299685517,74,0.33783783783783783,-0.1334345322121087,222,0.4009009009009009,0.008072786457863882,233,0.4592274678111588,0.07654817817331007,181,0.5303867403314917,0.12512091662366387,142,0.5845070422535211,0.1981339516019995,48,0.5416666666666666,0.1894944442603501
ibd_roc_63_126_189_252_w2111,40,20,90,538,0.5297397769516728,0.12424980590019703,0.013546433630684918,36,0.3611111111111111,-0.13526425473883302,105,0.3904761904761905,0.011378328088978472,174,0.5114942528735632,0.09712240816498335,120,0.5333333333333333,0.15020968915126393,86,0.7558139534883721,0.3369051868094137,17,0.7647058823529411,0.38958097124075836
ibd_roc_63_126_189_252_w2111,40,20,95,254,0.42913385826771655,0.055184827961814,-0.04812608528057699,12,0.16666666666666666,-0.25642152517589367,52,0.3269230769230769,-0.04939830283465055,108,0.39814814814814814,0.03152527855011543,60,0.5,0.1373430510878812,21,0.7619047619047619,0.37159700661518436,1,1.0,0.21386606420909948
ibd_roc_63_126_189_252_w2111,40,30,85,1362,0.46916299559471364,0.058664575641790055,-0.016247961713584946,130,0.3230769230769231,-0.09993771393514979,345,0.4028985507246377,0.004201068723026719,337,0.4362017804154303,0.04676262193865647,251,0.5179282868525896,0.09591479364374568,234,0.6111111111111112,0.16867782479669816,65,0.5846153846153846,0.18612986353208386
ibd_roc_63_126_189_252_w2111,40,30,90,819,0.5225885225885226,0.0982647090439116,0.009420697075953277,77,0.37662337662337664,-0.07557769115562517,175,0.37714285714285717,-0.003251214871460653,245,0.4897959183673469,0.0630521691981697,147,0.54421768707483,0.13890436182093283,146,0.7534246575342466,0.27528019016718314,29,0.7931034482758621,0.3727452111315491
ibd_roc_63_126_189_252_w2111,40,30,95,345,0.4405797101449275,0.05939474135244679,-0.035848656365916054,26,0.19230769230769232,-0.1385177049880979,72,0.3194444444444444,-0.03658492754121221,127,0.4094488188976378,0.029012039228707938,76,0.5263157894736842,0.13032333690178274,41,0.7317073170731707,0.3116038659039324,3,0.6666666666666666,0.12063326353644788
ibd_roc_63_126_189_252_w2111,40,40,85,1997,0.4882323485227842,0.05089246034988187,-0.0052813199324990845,203,0.3448275862068966,-0.07255928657148283,526,0.47338403041825095,0.015114817288294972,483,0.432712215320911,0.025631855597518793,373,0.5308310991957105,0.09586901679307264,328,0.6128048780487805,0.14657196417595025,84,0.5714285714285714,0.14427798681866527
ibd_roc_63_126_189_252_w2111,40,40,90,1133,0.5075022065313327,0.0801022331566334,0.003152480343824926,119,0.31092436974789917,-0.07378076217289845,267,0.45318352059925093,0.018100617592755885,308,0.4675324675324675,0.044126199607032526,204,0.5245098039215687,0.12482927305031509,195,0.7025641025641025,0.22730920576101174,40,0.725,0.2814884511895821
ibd_roc_63_126_189_252_w2111,40,40,95,445,0.44719101123595506,0.0624010376419095,-0.03223345240296793,39,0.1794871794871795,-0.12542056119743375,111,0.3783783783783784,-0.008507268968210906,141,0.425531914893617,0.02408942911946947,92,0.5108695652173914,0.1456310437578392,57,0.7017543859649122,0.28715762708610637,5,0.6,0.08830404346931704
roc_63_126_189_252_w1111,10,20,85,81,0.5061728395061729,0.16436217153217522,0.0013134895831627968,6,0.0,-0.36627525173700537,12,0.3333333333333333,0.0949965661678442,34,0.5588235294117647,0.14979513077222456,20,0.65,0.4276517466441132,8,0.5,0.06388664589588702,1,1.0,0.21386606420909948
roc_63_126_189_252_w1111,10,20,90,44,0.6363636363636364,0.25262272474438796,0.1368637579857498,4,0.0,-0.3823577199974152,8,0.375,0.04032235651084916,17,0.7058823529411765,0.10334353301006519,12,0.8333333333333334,0.730363667119443,2,1.0,0.7935908929212064,1,1.0,0.21386606420909948
roc_63_126_189_252_w1111,10,20,95,21,0.7619047619047619,0.4161571972180408,0.22767348542011878,1,0.0,-0.4029049363378261,3,0.3333333333333333,0.16865936116523825,6,1.0,0.2554084995337537,9,0.7777777777777778,0.7049229879637307,1,1.0,0.503549048513336,1,1.0,0.2559210570315358
roc_63_126_189_252_w1111,10,30,85,147,0.5306122448979592,0.1494252637286359,0.01562194085228863,11,0.09090909090909091,-0.23729652672386672,27,0.4074074074074074,0.10726931563559476,51,0.5490196078431373,0.124782969363472,38,0.631578947368421,0.3277917723728616,19,0.6842105263157895,0.13924311515768634,1,1.0,0.21386606420909948
roc_63_126_189_252_w1111,10,30,90,75,0.64,0.24171266267611055,0.10958521839448943,6,0.16666666666666666,-0.2586314168206205,16,0.5,0.11635728001419271,26,0.6538461538461539,0.0793213723969218,21,0.8095238095238095,0.6362020320388033,5,0.8,0.4364114604121987,1,1.0,0.21386606420909948
roc_63_126_189_252_w1111,10,30,95,29,0.7241379310344828,0.39503814778273555,0.22767348542011878,1,0.0,-0.4029049363378261,5,0.6,0.4067500068636714,8,0.875,0.19978459601683213,12,0.6666666666666666,0.5039638929609939,2,1.0,0.9617483235103412,1,1.0,0.2559210570315358
roc_63_126_189_252_w1111,10,40,85,235,0.5191489361702127,0.11231005584205637,0.01562194085228863,22,0.2727272727272727,-0.12025082688925824,47,0.40425531914893614,0.038186649634189246,78,0.5128205128205128,0.07053327854440221,51,0.6274509803921569,0.2819367810496478,34,0.6470588235294118,0.20271643767007042,3,1.0,0.15695944695407724
roc_63_126_189_252_w1111,10,40,90,118,0.6101694915254238,0.2083896912786731,0.07602849714965354,9,0.1111111111111111,-0.20590434844841304,27,0.4074074074074074,-0.03792766633971383,41,0.7317073170731707,0.2056084671588381,26,0.7307692307692307,0.5771366673901478,14,0.7142857142857143,0.272700223444723,1,1.0,0.21386606420909948
roc_63_126_189_252_w1111,10,40,95,50,0.6,0.2891804587503017,0.16410720893751812,4,0.0,-0.23369497727151067,10,0.5,0.14723538000794775,12,0.9166666666666666,0.37206389628658604,18,0.5555555555555556,0.3715368048707841,5,0.6,0.5026197492753932,1,1.0,0.2559210570315358
roc_63_126_189_252_w1111,20,20,85,223,0.5067264573991032,0.12215068842960945,0.0036194161207836473,18,0.16666666666666666,-0.21163898139537868,36,0.3611111111111111,0.059510006711130985,94,0.5,0.08007108154600436,49,0.6326530612244898,0.2634417664104927,24,0.75,0.3597401596932923,2,0.5,-0.0811735543792837
roc_63_126_189_252_w1111,20,20,90,107,0.5607476635514018,0.17661370901111334,0.043442604851805955,7,0.0,-0.31796955126512944,19,0.42105263157894735,0.002147655984696012,47,0.5957446808510638,0.15125372411418736,27,0.6296296296296297,0.34790648179252426,6,1.0,0.7277303588936247,1,1.0,0.21386606420909948
roc_63_126_189_252_w1111,20,20,95,60,0.7166666666666667,0.3794477158513025,0.176541867546393,3,0.0,-0.34618484524489207,8,0.625,0.2739202484928318,25,0.76,0.3422765395477845,17,0.7058823529411765,0.4548327208593282,5,1.0,0.9967510899813684,2,1.0,0.17061515283007256
roc_63_126_189_252_w1111,20,30,85,379,0.49340369393139843,0.09956745152298913,-0.009214162659380687,38,0.2631578947368421,-0.1340509003524264,70,0.32857142857142857,0.006227640755593867,135,0.4740740740740741,0.04283790824144396,82,0.5853658536585366,0.22792212234068815,47,0.7872340425531915,0.357776482048828,7,0.7142857142857143,0.1579767409838903
roc_63_126_189_252_w1111,20,30,90,202,0.5445544554455446,0.14834702278929765,0.028082968163329336,17,0.17647058823529413,-0.15754033476766383,45,0.4444444444444444,0.029452641389658345,74,0.527027027027027,0.08646091297615868,48,0.6458333333333334,0.346744007757071,17,0.9411764705882353,0.474307613833502,1,1.0,0.21386606420909948
roc_63_126_189_252_w1111,20,30,95,88,0.6477272727272727,0.26886792444029783,0.13713522741536865,3,0.0,-0.34618484524489207,15,0.5333333333333333,0.18598947858301873,34,0.6764705882352942,0.23591607288471253,28,0.6428571428571429,0.3015973635927107,6,1.0,0.8503311238998891,2,1.0,0.17061515283007256
roc_63_126_189_252_w1111,20,40,85,597,0.49413735343383586,0.07347806591712182,-0.005433709215353799,57,0.2807017543859649,-0.11001470326395206,127,0.3937007874015748,-0.0056631632846435055,197,0.4619289340101523,0.016987381182338685,113,0.6017699115044248,0.18860243003051058,83,0.6746987951807228,0.2880619661682297,20,0.7,0.11443666486926167
roc_63_126_189_252_w1111,20,40,90,301,0.5049833887043189,0.11712453819288045,0.0007776439881447272,27,0.2222222222222222,-0.09998203985053189,74,0.3783783783783784,-0.003053414051953445,101,0.5148514851485149,0.07340356017685183,60,0.6,0.2923049442191615,36,0.7777777777777778,0.3572858016396489,3,0.6666666666666666,0.12186954060895039
roc_63_126_189_252_w1111,20,40,95,114,0.5789473684210527,0.21207665944920773,0.07236561581045509,7,0.0,-0.2120747440786524,21,0.5238095238095238,0.12779707125551712,43,0.6046511627906976,0.16665687050390732,31,0.6129032258064516,0.2633966354777335,10,0.8,0.7304752452256488,2,1.0,0.17061515283007256
roc_63_126_189_252_w1111,40,20,85,568,0.49295774647887325,0.0977542114808706,-0.010606939519176461,38,0.2631578947368421,-0.17220534923829636,100,0.35,0.012879728316780218,188,0.4734042553191489,0.06169318701754343,120,0.5416666666666666,0.1381704368209143,90,0.7,0.293184463344362,32,0.5625,0.19421404005347748
roc_63_126_189_252_w1111,40,20,90,346,0.5173410404624278,0.13977347792871503,0.008568041890227474,22,0.2727272727272727,-0.16264246902426646,66,0.3939393939393939,0.01833974007248079,134,0.5447761194029851,0.11515107030323582,82,0.47560975609756095,0.15651992140523283,36,0.8888888888888888,0.49026002305614874,6,0.5,0.8025161718669113
roc_63_126_189_252_w1111,40,20,95,157,0.554140127388535,0.18576024409150096,0.06943355038403154,7,0.14285714285714285,-0.3795775148860289,23,0.4782608695652174,0.11317429131844402,72,0.5416666666666666,0.13796120054498676,39,0.6153846153846154,0.25140559414487523,14,0.7142857142857143,0.6527955221210229,2,1.0,0.17061515283007256
roc_63_126_189_252_w1111,40,30,85,919,0.49836779107725787,0.0781284014933446,-0.0006135603317113381,77,0.3116883116883117,-0.10845214461782446,190,0.3736842105263158,0.0036727795109089585,272,0.4632352941176471,0.02655281124847155,179,0.553072625698324,0.1331876262490529,152,0.7105263157894737,0.24779680887621788,49,0.6122448979591837,0.2199996432303943
roc_63_126_189_252_w1111,40,30,90,536,0.5093283582089553,0.11205796399289143,0.005436028138556592,53,0.32075471698113206,-0.09147977162700197,110,0.4,0.009314484201506623,176,0.5,0.06820000534379758,117,0.5213675213675214,0.16023981571757084,70,0.8285714285714286,0.3887365982312993,10,0.5,0.5972263930324736
roc_63_126_189_252_w1111,40,30,95,222,0.527027027027027,0.14829126496929057,0.027833776327211512,10,0.3,-0.2580926936638417,37,0.5135135135135135,0.08796161412862194,90,0.4888888888888889,0.093527872898129,61,0.5409836065573771,0.19231238654229502,22,0.7272727272727273,0.5344187996131896,2,1.0,0.17061515283007256
roc_63_126_189_252_w1111,40,40,85,1418,0.5105782792665726,0.06431836490531612,0.004808227731408765,139,0.30935251798561153,-0.09155113220967058,319,0.4702194357366771,0.01303683571754789,383,0.45430809399477806,0.016849901993262233,259,0.5714285714285714,0.11102557344239503,240,0.7,0.22305263474758158,78,0.5256410256410257,0.140773079195876
roc_63_126_189_252_w1111,40,40,90,761,0.49934296977660975,0.08760073201146099,-0.0002670503067925267,89,0.29213483146067415,-0.08203442934945698,161,0.422360248447205,0.004110904865464391,226,0.49557522123893805,0.048622355690871345,152,0.5263157894736842,0.13913994467954127,114,0.7280701754385965,0.2960013991371561,19,0.5789473684210527,0.3933063854257264
roc_63_126_189_252_w1111,40,40,95,295,0.5084745762711864,0.13414863428421855,0.010491667064156607,17,0.17647058823529413,-0.19738493606537144,60,0.5333333333333333,0.0743725495077952,102,0.49019607843137253,0.07904554949980391,71,0.5352112676056338,0.18128712492911453,42,0.5714285714285714,0.4068568251226579,3,1.0,0.14833982746310456
ibd_rs_prod,10,20,85,190,0.42105263157894735,0.14044668830035772,-0.04824724613444059,2,0.0,-0.35304954505826375,67,0.31343283582089554,-0.07834134988297238,53,0.49056603773584906,0.2549972330051525,38,0.5,0.44513427905088265,20,0.55,0.1510592562244574,10,0.3,-0.08113007683521285
ibd_rs_prod,10,20,90,89,0.42696629213483145,0.15748439098581923,-0.053311775835301,0,,,30,0.26666666666666666,-0.1264376404748652,30,0.6,0.33830098360126704,20,0.5,0.40830704345020885,8,0.125,-0.08997455365842696,1,1.0,0.21386606420909948
ibd_rs_prod,10,20,95,33,0.5151515151515151,0.08308843970171216,0.043442604851805955,0,,,10,0.3,-0.07856240935874198,11,0.5454545454545454,-0.18173287451268652,8,0.75,0.6355427656507349,3,0.3333333333333333,0.07613201132283091,1,1.0,0.21386606420909948
ibd_rs_prod,10,30,85,472,0.4300847457627119,0.06227351957342829,-0.03922945310149417,9,0.1111111111111111,-0.26782842342475544,181,0.3370165745856354,-0.07454530482569119,122,0.47540983606557374,0.1276700358252885,93,0.4838709677419355,0.22293545535075887,48,0.625,0.17999895558969356,19,0.42105263157894735,0.015849562041476403
ibd_rs_prod,10,30,90,205,0.43414634146341463,0.07042698766220994,-0.0452693031027982,3,0.0,-0.5062165147218373,81,0.32098765432098764,-0.0688954686049631,63,0.5079365079365079,0.16466979612012747,35,0.4857142857142857,0.24604393353716597,18,0.5555555555555556,0.06463390165874906,5,0.8,0.2775139825388474
ibd_rs_prod,10,30,95,59,0.4915254237288136,0.06828785338691569,-0.03385716749594936,1,0.0,-0.5653091106367829,19,0.3157894736842105,-0.07117579145270851,20,0.6,-0.07046993557791616,14,0.6428571428571429,0.4980570383490622,4,0.25,0.04234165213215624,1,1.0,0.21386606420909948
ibd_rs_prod,10,40,85,778,0.4588688946015424,0.06950546152601055,-0.024181165828943918,15,0.06666666666666667,-0.21146028107603912,341,0.39296187683284456,-0.04095040324618883,180,0.48333333333333334,0.08647413691384402,117,0.47863247863247865,0.21779754326667106,98,0.6530612244897959,0.27242272306509174,27,0.5555555555555556,0.13064043314345192
ibd_rs_prod,10,40,90,331,0.4501510574018127,0.0641895613508272,-0.028466371785121014,7,0.0,-0.3137672330666913,141,0.3617021276595745,-0.04468146117290669,98,0.5102040816326531,0.1190119398807332,46,0.5,0.23515811983203674,31,0.5806451612903226,0.17564703826705827,8,0.875,0.22721245713826638
ibd_rs_prod,10,40,95,86,0.4883720930232558,0.09569877016244505,-0.0024129779827949394,3,0.0,-0.23537181824286493,27,0.3333333333333333,-0.05824481196484871,28,0.5714285714285714,0.020419211885656614,19,0.631578947368421,0.4304976605018345,8,0.5,0.1929700081509304,1,1.0,0.21386606420909948
ibd_rs_prod,20,20,85,510,0.4372549019607843,0.11314076474616283,-0.041386987723345814,7,0.14285714285714285,-0.2579683303064811,162,0.3333333333333333,-0.055130757654868655,137,0.4306569343065693,0.12219427445356944,103,0.49514563106796117,0.2464960529213837,71,0.6901408450704225,0.41047559660619165,30,0.3,-0.09449084457679999
ibd_rs_prod,20,20,90,281,0.46619217081850534,0.12754520605908998,-0.024624217622023603,3,0.0,-0.5026370313062821,99,0.37373737373737376,-0.030846271341576213,96,0.53125,0.19690352597353397,50,0.44,0.21450833153095247,24,0.6666666666666666,0.4398046242844988,9,0.5555555555555556,0.02426986738936903
ibd_rs_prod,20,20,95,84,0.5833333333333334,0.1724988926355047,0.06202732881185613,1,0.0,-0.5653091106367829,23,0.30434782608695654,-0.04446152300212905,36,0.6944444444444444,0.18449650598895936,18,0.7222222222222222,0.4443313030123572,5,0.6,0.24482547740681615,1,1.0,0.21386606420909948
ibd_rs_prod,20,30,85,1107,0.45347786811201446,0.05907763286215458,-0.029990444972777974,21,0.14285714285714285,-0.17883375363649576,404,0.37376237623762376,-0.042295885258934095,271,0.4132841328413284,0.046032001318198915,204,0.5343137254901961,0.14977920156689373,147,0.6666666666666666,0.2613994384511334,60,0.48333333333333334,0.08012816080210018
ibd_rs_prod,20,30,90,561,0.45811051693404636,0.07645628165868068,-0.03409840461930169,6,0.0,-0.333285146536064,229,0.36681222707423583,-0.03314784573258955,165,0.4484848484848485,0.08844919843162781,93,0.5376344086021505,0.16114358097212547,50,0.72,0.3786779337445485,18,0.7222222222222222,0.22045411686919877
ibd_rs_prod,20,30,95,156,0.5,0.090404734665377,-0.00046701896705597656,3,0.0,-0.30757397329102626,50,0.28,-0.05567814534573606,56,0.5892857142857143,0.12048168921519624,34,0.6470588235294118,0.2373376301087375,11,0.6363636363636364,0.2243888597461823,2,1.0,0.26251815900131337
ibd_rs_prod,20,40,85,1655,0.45740181268882174,0.044965126655245366,-0.023769401979275795,43,0.18604651162790697,-0.10099066789472062,658,0.42857142857142855,-0.0170302263485527,389,0.41645244215938304,0.027029525468860754,251,0.5059760956175299,0.12141069407364255,241,0.5933609958506224,0.1789107203176961,73,0.4794520547945205,0.0790383780854585
ibd_rs_prod,20,40,90,779,0.4749679075738126,0.06424726813476747,-0.017904061400820015,8,0.0,-0.28482132057660947,338,0.40828402366863903,-0.019102670763761834,217,0.46543778801843316,0.06855438162226697,109,0.5504587155963303,0.15825280764281255,83,0.6385542168674698,0.2639093143134564,24,0.75,0.19806521777636873
ibd_rs_prod,20,40,95,206,0.5,0.09895735097630295,-0.0003560078617792506,4,0.0,-0.2642083370378039,72,0.3333333333333333,-0.029815153696151182,70,0.5714285714285714,0.10212808427236954,41,0.6341463414634146,0.2699345004733194,15,0.6,0.29211279196432505,4,1.0,0.24769160436391802
ibd_rs_prod,40,20,85,1164,0.45103092783505155,0.06875319143534081,-0.026146480566196062,21,0.42857142857142855,-0.10675884427172284,357,0.40896358543417366,-0.008406247147824475,292,0.4041095890410959,0.053168348469443134,220,0.4590909090909091,0.10216452039646398,208,0.5865384615384616,0.21573978515256934,66,0.4393939393939394,0.03630989757852007
ibd_rs_prod,40,20,90,678,0.4749262536873156,0.10242342309257067,-0.019999829687277648,8,0.5,-0.044463270193028454,233,0.4206008583690987,0.011113565307627644,187,0.45989304812834225,0.10116509147019634,115,0.45217391304347826,0.12374735119389305,89,0.6292134831460674,0.3005807540891697,46,0.5652173913043478,0.15888742816237844
ibd_rs_prod,40,20,95,234,0.49145299145299143,0.12157936681197468,-0.0007972815635599595,4,0.0,-0.37737530045071394,67,0.34328358208955223,-0.005845461961257918,91,0.5164835164835165,0.07479275130797391,51,0.5294117647058824,0.22264439939599798,17,0.8823529411764706,0.6858605691269787,4,0.75,0.13252114345726315
ibd_rs_prod,40,30,85,2363,0.46804909013965296,0.042179742720386555,-0.014835289723341472,59,0.3389830508474576,-0.1287686670386536,777,0.4697554697554698,-0.0010632627972042706,547,0.4149908592321755,0.01910610759896502,434,0.46543778801843316,0.07656186718592105,422,0.556872037914692,0.14091559617720903,124,0.4596774193548387,0.039289023443430736
ibd_rs_prod,40,30,90,1245,0.5012048192771085,0.07552341443794304,0.0008764265453173326,16,0.3125,-0.12745546909438002,471,0.46709129511677283,0.008722336640922049,314,0.4426751592356688,0.050447192575165056,212,0.5424528301886793,0.12528972259725843,169,0.6449704142011834,0.24014837080886675,63,0.5714285714285714,0.14133337331998044
ibd_rs_prod,40,30,95,382,0.47643979057591623,0.10121682240375456,-0.013088180511610925,6,0.0,-0.2659725685736188,118,0.3389830508474576,-0.00964356444748025,132,0.5,0.0789099277433837,85,0.5058823529411764,0.15597935940810875,32,0.8125,0.47839810598711807,9,0.7777777777777778,0.2683896412305491
ibd_rs_prod,40,40,85,3390,0.48023598820059,0.03513765143374926,-0.008693101499099964,134,0.3656716417910448,-0.07118340958393621,1175,0.5089361702127659,0.00877310468874303,778,0.4241645244215938,0.009059879443078836,560,0.4607142857142857,0.05857199723005249,579,0.5474956822107081,0.1247927720744962,164,0.4634146341463415,0.038834109100573846
ibd_rs_prod,40,40,90,1665,0.5141141141141141,0.06399467100709659,0.006085243337245416,37,0.3783783783783784,-0.05118763557357148,643,0.48989113530326595,0.01071027396866935,410,0.45365853658536587,0.04159827623545307,257,0.5525291828793775,0.10680862555558135,244,0.6475409836065574,0.19846383984162647,74,0.5540540540540541,0.11512877035722839
ibd_rs_prod,40,40,95,470,0.4787234042553192,0.09028708629494617,-0.009194461364823603,12,0.08333333333333333,-0.17962049745904363,159,0.3836477987421384,0.014713837243000757,145,0.4896551724137931,0.07125463729954387,95,0.5263157894736842,0.13143272790198937,45,0.7111111111111111,0.3720556583012297,14,0.7142857142857143,0.19216715884413632
